match_id,date,team,opponent,player_id,minutes_played,shots_attempted,shots_made,points,assists,rebounds,turnovers,distance_run_km,fatigue_index,coach_rating
M1000,2024-04-12,TeamA,TeamB,P029,76,24,10,12,1,1,1,4.63,0.7,6.79
M1000,2024-04-12,TeamA,TeamB,P003,66,16,7,7,2,2,0,5.44,0.68,5.56
M1000,2024-04-12,TeamA,TeamB,P008,67,16,8,11,0,3,2,6.59,0.15,8.98
M1000,2024-04-12,TeamA,TeamB,P012,17,24,9,10,1,3,1,3.39,0.11,7.64
M1000,2024-04-12,TeamA,TeamB,P022,37,14,7,8,2,5,3,7.21,0.85,5.28
M1000,2024-04-12,TeamA,TeamB,P021,39,22,9,11,2,3,2,1.66,0.37,8.84
M1001,2024-06-28,TeamA,TeamB,P021,60,7,6,10,2,4,0,5.31,0.99,4.93
M1001,2024-06-28,TeamA,TeamB,P007,16,21,15,19,1,2,0,5.4,0.19,9.14
M1001,2024-06-28,TeamA,TeamB,P030,22,18,8,11,3,4,0,3.12,0.54,8.05
M1001,2024-06-28,TeamA,TeamB,P009,74,16,10,14,1,2,2,3.79,0.43,6.35
M1001,2024-06-28,TeamA,TeamB,P010,72,9,2,2,1,3,0,7.54,0.64,6.09
M1001,2024-06-28,TeamA,TeamB,P024,83,7,2,6,0,1,0,3.18,0.98,3.05
M1002,2024-04-02,TeamA,TeamB,P006,38,16,8,8,5,2,0,5.33,0.34,5.9
M1002,2024-04-02,TeamA,TeamB,P023,88,6,3,4,5,4,1,3.39,0.93,5.33
M1002,2024-04-02,TeamA,TeamB,P029,51,16,9,9,1,3,0,1.37,0.96,5.25
M1002,2024-04-02,TeamA,TeamB,P011,42,18,10,11,2,5,1,4.85,0.44,8.55
M1002,2024-04-02,TeamA,TeamB,P025,89,22,13,14,1,2,2,1.59,0.99,4.88
M1002,2024-04-02,TeamA,TeamB,P015,31,11,6,9,0,4,1,4.28,0.06,4.78
M1003,2024-01-15,TeamA,TeamB,P016,63,18,13,15,1,5,0,4.25,0.35,8.33
M1003,2024-01-15,TeamA,TeamB,P010,55,8,4,4,1,2,0,7.58,0.42,5.07
M1003,2024-01-15,TeamA,TeamB,P027,83,19,15,16,1,5,1,4.98,0.06,10.0
M1003,2024-01-15,TeamA,TeamB,P002,19,10,6,10,3,3,2,1.79,0.67,7.23
M1003,2024-01-15,TeamA,TeamB,P022,48,7,2,5,3,0,2,2.49,0.14,2.23
M1003,2024-01-15,TeamA,TeamB,P030,65,6,3,6,2,4,0,5.35,0.35,6.83
M1004,2024-04-16,TeamA,TeamB,P024,36,10,4,5,1,2,1,4.58,0.16,5.43
M1004,2024-04-16,TeamA,TeamB,P001,61,18,10,11,1,4,0,4.13,0.53,7.42
M1004,2024-04-16,TeamA,TeamB,P006,29,9,4,4,1,3,2,4.76,0.59,3.19
M1004,2024-04-16,TeamA,TeamB,P020,56,13,8,9,1,2,0,3.56,0.49,8.41
M1004,2024-04-16,TeamA,TeamB,P010,89,13,5,9,1,5,2,5.0,0.28,4.54
M1004,2024-04-16,TeamA,TeamB,P007,82,23,11,14,0,3,1,1.36,0.34,8.55
M1005,2024-03-12,TeamA,TeamB,P015,89,13,5,5,3,2,0,6.7,0.67,2.29
M1005,2024-03-12,TeamA,TeamB,P014,56,22,13,15,3,3,0,4.8,0.43,9.62
M1005,2024-03-12,TeamA,TeamB,P027,81,11,5,8,5,3,3,6.75,0.11,7.21
M1005,2024-03-12,TeamA,TeamB,P016,19,19,11,13,3,3,1,7.63,0.15,8.09
M1005,2024-03-12,TeamA,TeamB,P022,27,12,6,9,1,2,2,1.48,0.08,5.29
M1005,2024-03-12,TeamA,TeamB,P026,50,5,3,7,2,3,3,7.43,0.59,2.73
M1006,2024-07-07,TeamA,TeamB,P008,27,23,13,17,3,4,2,3.34,0.08,8.48
M1006,2024-07-07,TeamA,TeamB,P002,48,5,1,2,3,3,2,6.05,0.81,3.3
M1006,2024-07-07,TeamA,TeamB,P013,46,18,11,15,1,1,3,7.14,0.64,7.05
M1006,2024-07-07,TeamA,TeamB,P003,83,24,13,15,2,3,2,7.08,0.49,8.43
M1006,2024-07-07,TeamA,TeamB,P029,28,13,6,6,1,3,0,7.4,0.12,4.59
M1006,2024-07-07,TeamA,TeamB,P005,31,9,3,7,0,4,1,7.4,0.42,5.02
M1007,2024-01-21,TeamA,TeamB,P010,50,19,9,11,2,3,1,5.19,0.46,8.05
M1007,2024-01-21,TeamA,TeamB,P013,63,21,14,17,5,3,2,5.94,0.93,7.17
M1007,2024-01-21,TeamA,TeamB,P030,37,11,5,5,1,3,1,5.51,0.65,5.48
M1007,2024-01-21,TeamA,TeamB,P015,59,6,4,5,1,3,2,2.63,0.02,2.81
M1007,2024-01-21,TeamA,TeamB,P005,56,6,3,7,2,0,0,1.62,0.04,8.87
M1007,2024-01-21,TeamA,TeamB,P009,24,11,5,5,0,2,0,1.29,0.02,5.42
M1008,2024-04-12,TeamA,TeamB,P020,88,15,5,5,4,3,1,7.97,0.9,6.81
M1008,2024-04-12,TeamA,TeamB,P022,87,8,6,6,1,1,1,3.3,0.93,3.23
M1008,2024-04-12,TeamA,TeamB,P018,25,6,2,4,2,2,2,5.15,0.82,4.1
M1008,2024-04-12,TeamA,TeamB,P001,47,10,3,6,6,4,1,3.35,0.74,2.84
M1008,2024-04-12,TeamA,TeamB,P010,45,22,11,15,1,1,1,3.64,0.01,8.53
M1008,2024-04-12,TeamA,TeamB,P003,44,11,3,6,2,2,0,5.96,0.07,5.92
M1009,2024-05-01,TeamA,TeamB,P005,27,13,7,11,3,3,5,3.18,0.32,6.17
M1009,2024-05-01,TeamA,TeamB,P027,49,21,12,15,2,6,0,7.45,0.62,9.42
M1009,2024-05-01,TeamA,TeamB,P019,60,19,7,7,2,1,1,5.13,0.43,8.18
M1009,2024-05-01,TeamA,TeamB,P021,52,15,6,6,0,2,1,4.49,0.62,4.27
M1009,2024-05-01,TeamA,TeamB,P009,34,5,5,8,0,2,1,3.25,0.98,4.4
M1009,2024-05-01,TeamA,TeamB,P017,29,6,3,5,0,7,2,5.63,0.55,2.45
M1010,2024-03-15,TeamA,TeamB,P028,36,9,3,5,0,2,0,6.88,0.17,5.01
M1010,2024-03-15,TeamA,TeamB,P001,38,24,11,14,3,0,1,5.18,0.79,7.56
M1010,2024-03-15,TeamA,TeamB,P030,53,14,10,14,1,3,1,2.66,0.97,6.45
M1010,2024-03-15,TeamA,TeamB,P025,55,19,10,13,1,4,1,7.79,0.45,6.99
M1010,2024-03-15,TeamA,TeamB,P002,25,14,3,4,2,4,1,3.5,0.53,4.93
M1010,2024-03-15,TeamA,TeamB,P019,70,19,13,17,0,2,0,5.48,0.22,10.0
M1011,2024-03-28,TeamA,TeamB,P026,22,22,10,14,2,8,3,5.61,0.39,6.16
M1011,2024-03-28,TeamA,TeamB,P003,80,22,13,13,4,5,1,6.72,0.12,9.98
M1011,2024-03-28,TeamA,TeamB,P029,68,11,3,6,2,4,1,5.5,0.76,7.44
M1011,2024-03-28,TeamA,TeamB,P023,86,20,9,13,1,5,2,2.37,0.01,7.77
M1011,2024-03-28,TeamA,TeamB,P028,61,19,11,14,2,2,0,6.62,0.54,9.06
M1011,2024-03-28,TeamA,TeamB,P024,32,6,2,2,1,3,1,7.42,0.42,1.8
M1012,2024-04-26,TeamA,TeamB,P014,74,11,8,11,1,1,2,2.25,0.31,5.43
M1012,2024-04-26,TeamA,TeamB,P006,25,14,7,7,2,6,0,6.07,0.58,5.33
M1012,2024-04-26,TeamA,TeamB,P029,53,17,4,4,2,5,1,5.15,0.68,3.81
M1012,2024-04-26,TeamA,TeamB,P026,84,6,3,3,3,3,0,3.87,0.42,2.9
M1012,2024-04-26,TeamA,TeamB,P004,69,20,6,9,2,1,2,5.7,0.09,7.06
M1012,2024-04-26,TeamA,TeamB,P005,46,5,3,6,1,2,0,7.56,0.55,3.55
M1013,2024-04-09,TeamA,TeamB,P014,28,13,2,4,4,4,1,4.52,0.4,3.85
M1013,2024-04-09,TeamA,TeamB,P009,22,6,4,8,3,2,1,5.34,0.65,3.28
M1013,2024-04-09,TeamA,TeamB,P024,45,23,14,14,0,2,1,2.0,0.12,8.68
M1013,2024-04-09,TeamA,TeamB,P025,30,5,0,0,1,5,1,4.68,0.48,2.41
M1013,2024-04-09,TeamA,TeamB,P013,85,9,7,8,0,4,1,6.84,0.63,5.17
M1013,2024-04-09,TeamA,TeamB,P007,74,15,9,13,1,3,1,6.5,0.89,5.31
M1014,2024-04-13,TeamA,TeamB,P029,22,17,7,7,0,1,2,3.08,0.35,6.2
M1014,2024-04-13,TeamA,TeamB,P014,42,23,6,7,0,2,2,2.44,0.12,7.05
M1014,2024-04-13,TeamA,TeamB,P021,82,18,10,11,1,2,2,2.1,0.04,7.98
M1014,2024-04-13,TeamA,TeamB,P015,87,12,5,5,1,3,2,7.15,0.26,3.88
M1014,2024-04-13,TeamA,TeamB,P004,61,22,14,17,0,3,1,5.8,0.09,9.77
M1014,2024-04-13,TeamA,TeamB,P026,37,16,9,13,2,1,2,2.13,0.56,6.92
M1015,2024-05-31,TeamA,TeamB,P022,28,6,3,5,3,3,0,5.64,0.0,5.49
M1015,2024-05-31,TeamA,TeamB,P017,59,24,14,18,1,6,2,1.41,0.33,8.64
M1015,2024-05-31,TeamA,TeamB,P025,44,10,6,8,1,2,0,5.19,0.74,3.88
M1015,2024-05-31,TeamA,TeamB,P027,18,24,17,20,2,2,0,1.17,0.83,10.0
M1015,2024-05-31,TeamA,TeamB,P023,84,21,11,13,1,5,0,1.56,0.73,3.99
M1015,2024-05-31,TeamA,TeamB,P016,71,8,6,9,0,3,0,1.31,0.04,6.68
M1016,2024-05-10,TeamA,TeamB,P027,29,22,12,16,0,4,1,4.96,0.46,8.23
M1016,2024-05-10,TeamA,TeamB,P019,75,13,6,7,0,4,2,5.29,0.23,5.9
M1016,2024-05-10,TeamA,TeamB,P030,79,14,9,9,2,2,2,1.36,0.79,4.66
M1016,2024-05-10,TeamA,TeamB,P029,34,8,5,9,1,5,0,3.41,0.28,5.18
M1016,2024-05-10,TeamA,TeamB,P001,56,24,15,15,1,2,0,3.5,0.76,7.64
M1016,2024-05-10,TeamA,TeamB,P028,23,19,10,11,1,6,0,2.29,0.89,5.23
M1017,2024-05-29,TeamA,TeamB,P018,39,7,3,4,1,4,4,2.78,0.82,2.12
M1017,2024-05-29,TeamA,TeamB,P017,35,5,1,1,2,5,0,6.18,0.11,5.9
M1017,2024-05-29,TeamA,TeamB,P008,54,19,10,13,1,1,1,3.52,0.07,7.53
M1017,2024-05-29,TeamA,TeamB,P023,28,8,4,6,0,3,0,3.73,0.38,6.81
M1017,2024-05-29,TeamA,TeamB,P003,28,8,2,4,1,1,2,7.01,0.29,3.9
M1017,2024-05-29,TeamA,TeamB,P010,87,24,15,15,2,3,0,2.69,0.01,10.0
M1018,2024-02-22,TeamA,TeamB,P012,35,9,3,6,0,3,2,4.01,0.32,5.85
M1018,2024-02-22,TeamA,TeamB,P010,33,24,12,14,4,3,0,4.31,0.98,7.08
M1018,2024-02-22,TeamA,TeamB,P017,86,10,3,3,0,4,1,4.29,0.45,6.95
M1018,2024-02-22,TeamA,TeamB,P005,75,10,9,11,2,2,0,2.94,0.82,5.48
M1018,2024-02-22,TeamA,TeamB,P030,63,13,8,10,5,2,2,5.26,0.31,6.15
M1018,2024-02-22,TeamA,TeamB,P019,61,21,10,11,3,4,1,5.52,0.65,7.09
M1019,2024-01-02,TeamA,TeamB,P027,39,10,5,6,1,4,1,6.32,0.1,5.57
M1019,2024-01-02,TeamA,TeamB,P004,47,11,7,10,0,4,0,3.7,0.79,5.39
M1019,2024-01-02,TeamA,TeamB,P017,25,21,10,11,3,2,2,1.7,0.21,7.34
M1019,2024-01-02,TeamA,TeamB,P029,65,22,7,11,2,6,2,3.38,0.54,6.6
M1019,2024-01-02,TeamA,TeamB,P015,51,13,7,11,2,2,0,2.89,0.97,2.87
M1019,2024-01-02,TeamA,TeamB,P028,77,7,4,7,4,2,0,4.33,0.54,6.09
M1020,2024-03-28,TeamA,TeamB,P016,69,8,2,4,3,6,0,6.98,0.44,5.29
M1020,2024-03-28,TeamA,TeamB,P024,75,20,8,10,5,6,0,1.31,0.34,4.12
M1020,2024-03-28,TeamA,TeamB,P030,51,5,0,4,4,4,0,4.84,0.63,5.5
M1020,2024-03-28,TeamA,TeamB,P018,59,23,13,13,3,1,0,2.63,0.28,10.0
M1020,2024-03-28,TeamA,TeamB,P020,22,18,6,10,3,0,0,3.91,0.76,6.08
M1020,2024-03-28,TeamA,TeamB,P023,46,14,7,10,3,2,0,7.42,0.72,4.89
M1021,2024-06-06,TeamA,TeamB,P013,33,13,9,12,4,2,3,1.97,0.25,6.66
M1021,2024-06-06,TeamA,TeamB,P010,38,16,7,7,1,2,0,7.7,0.5,6.22
M1021,2024-06-06,TeamA,TeamB,P019,55,7,2,4,1,4,1,7.16,0.22,5.56
M1021,2024-06-06,TeamA,TeamB,P003,48,13,6,7,2,3,0,5.67,0.82,6.92
M1021,2024-06-06,TeamA,TeamB,P021,68,14,10,11,0,2,0,3.9,0.49,8.19
M1021,2024-06-06,TeamA,TeamB,P029,68,24,8,11,0,3,0,1.92,0.86,2.79
M1022,2024-02-07,TeamA,TeamB,P018,73,8,4,8,1,2,6,3.56,0.23,2.83
M1022,2024-02-07,TeamA,TeamB,P024,40,14,5,9,3,3,2,1.44,0.15,5.42
M1022,2024-02-07,TeamA,TeamB,P014,19,24,13,13,2,2,0,6.65,0.46,6.13
M1022,2024-02-07,TeamA,TeamB,P026,17,10,4,6,1,4,1,3.85,0.95,5.27
M1022,2024-02-07,TeamA,TeamB,P030,76,16,7,9,1,0,0,6.81,0.73,7.1
M1022,2024-02-07,TeamA,TeamB,P020,57,20,11,15,3,8,2,6.66,0.18,7.37
M1023,2024-05-09,TeamA,TeamB,P017,31,22,15,19,2,2,1,1.27,0.04,10.0
M1023,2024-05-09,TeamA,TeamB,P029,55,8,4,6,2,3,1,6.76,0.89,3.42
M1023,2024-05-09,TeamA,TeamB,P011,22,13,6,9,2,2,1,6.09,0.77,6.11
M1023,2024-05-09,TeamA,TeamB,P030,48,21,12,16,0,2,1,1.38,0.97,6.18
M1023,2024-05-09,TeamA,TeamB,P020,21,11,4,6,1,2,1,6.31,0.61,3.15
M1023,2024-05-09,TeamA,TeamB,P006,71,20,11,15,1,3,0,4.62,0.27,7.54
M1024,2024-07-10,TeamA,TeamB,P019,48,13,5,8,6,2,1,1.18,0.84,4.64
M1024,2024-07-10,TeamA,TeamB,P003,18,23,13,15,1,3,1,7.16,0.81,8.14
M1024,2024-07-10,TeamA,TeamB,P023,82,16,9,11,1,5,0,2.31,0.02,6.88
M1024,2024-07-10,TeamA,TeamB,P030,26,21,14,17,1,4,0,3.62,0.94,7.71
M1024,2024-07-10,TeamA,TeamB,P029,27,24,12,14,5,0,2,4.83,0.98,5.06
M1024,2024-07-10,TeamA,TeamB,P013,55,21,9,11,4,3,1,4.01,0.7,6.8
M1025,2024-07-06,TeamA,TeamB,P014,73,23,16,19,3,4,1,5.71,0.98,7.79
M1025,2024-07-06,TeamA,TeamB,P007,39,19,8,8,2,4,1,7.38,0.03,7.24
M1025,2024-07-06,TeamA,TeamB,P005,83,15,3,7,1,3,1,4.45,0.28,4.21
M1025,2024-07-06,TeamA,TeamB,P029,79,18,9,9,3,5,0,5.94,0.43,9.0
M1025,2024-07-06,TeamA,TeamB,P008,50,22,8,11,3,2,1,2.47,0.28,7.92
M1025,2024-07-06,TeamA,TeamB,P030,43,9,3,4,3,2,1,3.5,0.35,4.36
M1026,2024-01-21,TeamA,TeamB,P022,81,13,6,10,3,5,0,3.9,0.73,7.03
M1026,2024-01-21,TeamA,TeamB,P008,48,13,4,6,4,5,0,4.83,0.58,7.36
M1026,2024-01-21,TeamA,TeamB,P012,62,19,8,12,1,4,1,1.13,0.79,5.65
M1026,2024-01-21,TeamA,TeamB,P002,43,15,10,10,5,1,1,6.74,0.4,6.63
M1026,2024-01-21,TeamA,TeamB,P027,29,7,2,2,3,4,1,3.63,0.8,1.0
M1026,2024-01-21,TeamA,TeamB,P021,17,18,5,8,4,3,2,1.47,0.77,5.04
M1027,2024-06-09,TeamA,TeamB,P023,76,14,6,8,1,2,2,2.32,0.08,4.87
M1027,2024-06-09,TeamA,TeamB,P008,37,22,14,14,3,2,0,5.17,0.26,10.0
M1027,2024-06-09,TeamA,TeamB,P014,67,19,12,15,2,2,2,5.41,0.86,6.36
M1027,2024-06-09,TeamA,TeamB,P011,73,12,7,11,3,1,1,6.24,0.81,7.02
M1027,2024-06-09,TeamA,TeamB,P027,88,7,5,9,4,0,0,3.19,0.02,5.66
M1027,2024-06-09,TeamA,TeamB,P004,69,19,15,17,6,3,2,4.69,0.21,10.0
M1028,2024-02-27,TeamA,TeamB,P026,79,19,4,5,2,0,2,6.87,0.8,3.29
M1028,2024-02-27,TeamA,TeamB,P013,70,17,7,8,3,1,1,5.25,0.88,5.57
M1028,2024-02-27,TeamA,TeamB,P025,30,18,12,16,5,1,2,7.59,0.78,6.96
M1028,2024-02-27,TeamA,TeamB,P001,67,16,7,11,0,1,0,2.61,0.47,5.17
M1028,2024-02-27,TeamA,TeamB,P003,24,24,12,16,3,3,0,2.8,0.36,8.54
M1028,2024-02-27,TeamA,TeamB,P008,40,8,3,4,3,3,0,2.22,0.88,3.9
M1029,2024-01-22,TeamA,TeamB,P006,87,16,10,10,2,2,0,7.66,0.18,10.0
M1029,2024-01-22,TeamA,TeamB,P014,28,8,3,7,1,2,0,2.28,0.83,5.71
M1029,2024-01-22,TeamA,TeamB,P011,36,10,6,6,4,4,0,4.64,0.52,7.75
M1029,2024-01-22,TeamA,TeamB,P019,59,14,8,12,1,2,0,7.64,0.94,6.26
M1029,2024-01-22,TeamA,TeamB,P005,86,12,6,10,3,5,1,1.21,0.2,6.78
M1029,2024-01-22,TeamA,TeamB,P003,29,13,8,12,0,0,1,6.87,0.16,4.4
M1030,2024-03-29,TeamA,TeamB,P004,20,22,11,13,2,1,3,5.28,0.68,7.32
M1030,2024-03-29,TeamA,TeamB,P018,51,23,12,12,2,5,0,4.1,0.26,8.45
M1030,2024-03-29,TeamA,TeamB,P022,62,12,2,3,1,1,1,7.78,0.45,1.61
M1030,2024-03-29,TeamA,TeamB,P026,87,24,13,15,1,6,0,6.3,0.3,9.43
M1030,2024-03-29,TeamA,TeamB,P006,62,20,7,9,2,2,0,4.45,0.3,5.12
M1030,2024-03-29,TeamA,TeamB,P005,35,9,2,5,6,2,2,5.04,0.46,6.35
M1031,2024-02-18,TeamA,TeamB,P022,45,24,9,13,2,4,0,6.64,0.33,5.98
M1031,2024-02-18,TeamA,TeamB,P014,20,7,2,6,3,1,1,3.95,0.6,1.0
M1031,2024-02-18,TeamA,TeamB,P003,61,9,3,5,4,1,3,3.48,0.55,4.8
M1031,2024-02-18,TeamA,TeamB,P004,38,21,9,11,2,1,1,2.1,0.83,5.44
M1031,2024-02-18,TeamA,TeamB,P026,76,8,2,6,1,3,1,4.25,0.38,2.72
M1031,2024-02-18,TeamA,TeamB,P023,44,14,3,7,3,6,2,3.16,0.57,2.86
M1032,2024-02-28,TeamA,TeamB,P012,87,14,9,12,2,3,0,3.75,0.1,6.89
M1032,2024-02-28,TeamA,TeamB,P019,89,15,6,6,3,1,1,1.2,0.58,5.55
M1032,2024-02-28,TeamA,TeamB,P018,20,16,6,7,3,3,1,1.35,0.43,6.21
M1032,2024-02-28,TeamA,TeamB,P002,50,12,10,13,0,3,3,4.39,0.69,6.33
M1032,2024-02-28,TeamA,TeamB,P008,66,23,8,12,1,1,0,3.86,0.68,8.11
M1032,2024-02-28,TeamA,TeamB,P029,27,15,9,12,2,4,1,2.09,0.74,5.27
M1033,2024-06-18,TeamA,TeamB,P006,15,15,6,7,1,2,3,4.58,0.06,4.91
M1033,2024-06-18,TeamA,TeamB,P008,89,17,5,7,4,2,1,5.38,0.75,4.29
M1033,2024-06-18,TeamA,TeamB,P020,56,19,5,5,1,4,1,1.57,0.26,5.51
M1033,2024-06-18,TeamA,TeamB,P014,79,23,14,16,4,1,0,4.83,0.84,8.28
M1033,2024-06-18,TeamA,TeamB,P028,28,6,4,7,5,5,1,1.89,0.44,5.41
M1033,2024-06-18,TeamA,TeamB,P001,28,11,6,6,3,3,0,5.98,0.36,5.93
M1034,2024-07-06,TeamA,TeamB,P010,30,7,4,5,2,6,1,6.63,0.43,5.68
M1034,2024-07-06,TeamA,TeamB,P017,71,24,14,16,1,3,1,1.4,0.11,10.0
M1034,2024-07-06,TeamA,TeamB,P030,26,19,11,12,3,3,2,7.26,0.07,9.56
M1034,2024-07-06,TeamA,TeamB,P015,26,15,9,13,1,4,1,3.89,0.93,6.68
M1034,2024-07-06,TeamA,TeamB,P029,59,22,7,8,2,1,1,1.8,0.94,4.47
M1034,2024-07-06,TeamA,TeamB,P024,65,10,5,8,2,2,0,2.84,0.53,6.68
M1035,2024-01-15,TeamA,TeamB,P029,46,18,5,9,1,2,3,1.56,0.48,5.6
M1035,2024-01-15,TeamA,TeamB,P016,32,11,7,8,2,0,1,5.06,0.94,5.1
M1035,2024-01-15,TeamA,TeamB,P005,56,5,3,5,2,2,1,1.82,0.13,4.85
M1035,2024-01-15,TeamA,TeamB,P024,52,9,4,5,1,2,0,7.55,0.47,3.22
M1035,2024-01-15,TeamA,TeamB,P015,71,20,14,17,0,1,3,6.86,0.54,9.48
M1035,2024-01-15,TeamA,TeamB,P013,17,23,15,17,0,3,1,4.54,0.06,8.48
M1036,2024-07-08,TeamA,TeamB,P011,74,18,11,11,0,2,1,3.0,0.67,8.13
M1036,2024-07-08,TeamA,TeamB,P025,23,12,6,9,1,5,0,2.25,0.8,4.32
M1036,2024-07-08,TeamA,TeamB,P022,80,14,7,10,0,4,2,3.8,0.41,4.91
M1036,2024-07-08,TeamA,TeamB,P004,69,5,2,6,3,4,3,6.11,0.57,4.41
M1036,2024-07-08,TeamA,TeamB,P024,40,12,4,6,3,3,1,2.47,0.74,4.08
M1036,2024-07-08,TeamA,TeamB,P018,64,20,12,12,2,2,0,7.38,0.06,9.16
M1037,2024-07-08,TeamA,TeamB,P019,76,5,0,3,0,5,0,3.29,0.16,4.71
M1037,2024-07-08,TeamA,TeamB,P024,32,6,3,7,2,1,1,2.98,0.4,3.82
M1037,2024-07-08,TeamA,TeamB,P012,87,19,11,15,2,3,4,3.01,0.88,5.31
M1037,2024-07-08,TeamA,TeamB,P020,56,17,7,11,3,5,4,1.92,0.67,5.21
M1037,2024-07-08,TeamA,TeamB,P004,27,11,5,7,1,3,0,2.39,0.78,4.35
M1037,2024-07-08,TeamA,TeamB,P010,69,7,5,8,1,1,0,2.74,0.32,6.65
M1038,2024-06-23,TeamA,TeamB,P024,70,11,5,8,4,2,1,7.02,0.96,4.1
M1038,2024-06-23,TeamA,TeamB,P015,55,15,8,11,2,8,0,1.97,0.61,6.74
M1038,2024-06-23,TeamA,TeamB,P001,84,19,13,15,2,5,0,4.69,0.17,9.64
M1038,2024-06-23,TeamA,TeamB,P021,45,10,3,4,0,5,2,4.21,0.26,2.66
M1038,2024-06-23,TeamA,TeamB,P016,16,8,5,5,4,2,0,7.41,0.84,3.77
M1038,2024-06-23,TeamA,TeamB,P025,52,18,10,10,2,2,0,6.25,0.92,6.97
M1039,2024-07-08,TeamA,TeamB,P021,32,14,8,9,3,2,1,6.73,0.34,5.45
M1039,2024-07-08,TeamA,TeamB,P015,38,19,7,7,1,4,0,7.67,0.06,6.23
M1039,2024-07-08,TeamA,TeamB,P009,31,10,3,5,1,2,2,7.69,0.25,4.0
M1039,2024-07-08,TeamA,TeamB,P004,75,12,3,6,4,2,1,2.12,0.69,4.25
M1039,2024-07-08,TeamA,TeamB,P008,24,22,10,10,1,1,1,1.28,0.27,6.94
M1039,2024-07-08,TeamA,TeamB,P019,69,9,5,5,3,6,3,5.7,0.93,3.14
M1040,2024-02-20,TeamA,TeamB,P006,74,5,2,4,0,2,1,6.94,0.4,4.58
M1040,2024-02-20,TeamA,TeamB,P008,82,21,8,9,4,1,1,3.6,0.76,5.05
M1040,2024-02-20,TeamA,TeamB,P013,18,22,11,13,0,2,1,4.41,0.69,7.74
M1040,2024-02-20,TeamA,TeamB,P003,67,7,5,5,1,7,1,6.21,0.45,3.42
M1040,2024-02-20,TeamA,TeamB,P005,39,14,5,9,3,1,1,1.19,0.38,5.62
M1040,2024-02-20,TeamA,TeamB,P024,40,15,6,6,3,2,0,1.27,0.98,3.43
M1041,2024-04-17,TeamA,TeamB,P001,62,23,13,15,0,4,1,1.98,0.29,10.0
M1041,2024-04-17,TeamA,TeamB,P009,25,10,5,7,1,2,2,6.54,0.81,3.85
M1041,2024-04-17,TeamA,TeamB,P007,15,16,4,5,5,3,1,4.7,0.33,3.63
M1041,2024-04-17,TeamA,TeamB,P010,22,8,3,4,2,5,1,7.44,0.01,5.54
M1041,2024-04-17,TeamA,TeamB,P005,31,23,13,14,2,3,1,6.92,0.11,10.0
M1041,2024-04-17,TeamA,TeamB,P030,56,14,10,11,2,4,1,7.03,0.35,6.9
M1042,2024-02-24,TeamA,TeamB,P025,79,16,13,14,3,4,0,7.75,0.38,8.39
M1042,2024-02-24,TeamA,TeamB,P029,21,16,7,10,1,3,0,6.91,0.48,6.54
M1042,2024-02-24,TeamA,TeamB,P026,21,12,5,8,2,1,0,4.28,0.15,5.96
M1042,2024-02-24,TeamA,TeamB,P007,75,8,4,5,0,3,2,6.81,0.13,4.39
M1042,2024-02-24,TeamA,TeamB,P016,72,18,6,10,4,2,1,3.13,0.98,6.25
M1042,2024-02-24,TeamA,TeamB,P022,39,16,7,7,3,4,1,1.41,0.3,7.48
M1043,2024-03-04,TeamA,TeamB,P013,63,20,9,11,2,3,1,4.85,0.42,6.67
M1043,2024-03-04,TeamA,TeamB,P022,67,24,13,17,3,3,1,1.07,0.08,10.0
M1043,2024-03-04,TeamA,TeamB,P021,48,6,5,6,1,2,2,7.73,0.64,3.91
M1043,2024-03-04,TeamA,TeamB,P005,31,9,2,5,2,1,2,4.75,0.48,3.48
M1043,2024-03-04,TeamA,TeamB,P023,24,10,5,7,4,2,1,2.95,0.4,4.54
M1043,2024-03-04,TeamA,TeamB,P018,81,17,10,13,0,4,0,6.56,0.63,7.34
M1044,2024-05-10,TeamA,TeamB,P012,44,16,13,16,4,2,1,4.02,0.78,9.8
M1044,2024-05-10,TeamA,TeamB,P003,41,23,12,16,1,1,1,4.12,0.97,6.73
M1044,2024-05-10,TeamA,TeamB,P026,41,22,9,10,3,1,1,2.71,0.97,6.45
M1044,2024-05-10,TeamA,TeamB,P014,78,16,5,8,1,3,2,6.35,0.51,4.23
M1044,2024-05-10,TeamA,TeamB,P008,80,14,6,6,2,2,0,5.17,0.74,5.68
M1044,2024-05-10,TeamA,TeamB,P013,84,22,9,11,0,2,0,5.34,0.54,6.26
M1045,2024-02-20,TeamA,TeamB,P028,60,18,7,10,1,1,1,5.85,0.77,6.22
M1045,2024-02-20,TeamA,TeamB,P002,74,16,8,12,2,4,1,5.06,0.89,4.87
M1045,2024-02-20,TeamA,TeamB,P021,70,14,7,9,1,3,1,3.09,0.46,5.29
M1045,2024-02-20,TeamA,TeamB,P001,84,10,5,5,1,4,1,7.06,0.5,3.78
M1045,2024-02-20,TeamA,TeamB,P012,78,14,6,9,1,1,2,1.75,0.65,4.75
M1045,2024-02-20,TeamA,TeamB,P023,38,17,5,6,1,5,2,4.06,0.46,4.86
M1046,2024-05-14,TeamA,TeamB,P019,16,22,9,10,0,4,1,7.81,0.36,4.22
M1046,2024-05-14,TeamA,TeamB,P009,75,17,11,12,1,1,3,4.22,0.08,7.18
M1046,2024-05-14,TeamA,TeamB,P005,68,10,5,5,2,1,3,6.91,0.44,4.86
M1046,2024-05-14,TeamA,TeamB,P028,29,14,9,12,1,2,1,2.42,1.0,3.0
M1046,2024-05-14,TeamA,TeamB,P017,87,17,7,9,5,4,1,3.3,0.6,7.38
M1046,2024-05-14,TeamA,TeamB,P010,72,22,17,21,3,1,1,6.52,0.77,8.88
M1047,2024-01-21,TeamA,TeamB,P015,55,14,7,9,2,3,2,4.65,0.47,6.59
M1047,2024-01-21,TeamA,TeamB,P019,72,23,16,18,3,1,0,3.56,0.23,8.67
M1047,2024-01-21,TeamA,TeamB,P025,58,11,2,3,5,7,2,5.41,0.43,1.83
M1047,2024-01-21,TeamA,TeamB,P028,46,14,6,7,2,4,1,3.63,0.63,4.41
M1047,2024-01-21,TeamA,TeamB,P007,71,21,14,16,2,0,1,6.74,1.0,6.7
M1047,2024-01-21,TeamA,TeamB,P005,66,9,4,8,1,2,0,2.9,0.82,3.2
M1048,2024-03-13,TeamA,TeamB,P015,48,9,6,8,4,5,0,1.65,0.02,7.01
M1048,2024-03-13,TeamA,TeamB,P001,44,12,4,6,4,0,0,5.11,0.46,5.8
M1048,2024-03-13,TeamA,TeamB,P018,64,14,7,7,2,3,2,2.81,0.87,3.71
M1048,2024-03-13,TeamA,TeamB,P024,32,22,11,15,3,6,1,7.4,0.34,10.0
M1048,2024-03-13,TeamA,TeamB,P020,20,11,6,8,0,1,1,6.45,0.22,5.45
M1048,2024-03-13,TeamA,TeamB,P023,27,6,4,6,0,4,1,5.54,0.25,3.66
M1049,2024-06-15,TeamA,TeamB,P025,52,23,16,17,2,4,2,6.4,0.48,9.99
M1049,2024-06-15,TeamA,TeamB,P015,60,9,6,8,3,4,1,1.35,0.6,6.06
M1049,2024-06-15,TeamA,TeamB,P021,72,9,4,7,1,4,1,7.11,0.61,3.41
M1049,2024-06-15,TeamA,TeamB,P020,36,11,6,8,2,5,0,1.0,0.96,4.87
M1049,2024-06-15,TeamA,TeamB,P008,61,16,7,8,3,4,2,3.99,0.16,7.69
M1049,2024-06-15,TeamA,TeamB,P027,28,19,8,8,2,5,0,4.88,0.59,7.41
M1050,2024-01-18,TeamA,TeamB,P009,31,13,5,5,2,4,1,6.97,0.2,5.28
M1050,2024-01-18,TeamA,TeamB,P016,45,14,6,9,0,5,0,5.92,0.66,6.46
M1050,2024-01-18,TeamA,TeamB,P030,78,12,6,8,1,5,2,7.16,0.19,7.01
M1050,2024-01-18,TeamA,TeamB,P023,18,22,11,13,2,4,2,4.78,0.05,6.59
M1050,2024-01-18,TeamA,TeamB,P012,70,15,7,9,4,2,1,4.97,0.65,5.27
M1050,2024-01-18,TeamA,TeamB,P015,57,6,6,9,1,2,0,7.79,0.02,4.75
M1051,2024-05-11,TeamA,TeamB,P010,56,22,12,13,4,3,1,3.84,0.81,6.85
M1051,2024-05-11,TeamA,TeamB,P013,67,22,17,20,3,3,4,4.81,0.74,8.45
M1051,2024-05-11,TeamA,TeamB,P004,62,23,15,16,0,2,0,3.29,0.12,9.81
M1051,2024-05-11,TeamA,TeamB,P026,42,19,10,12,1,4,0,5.47,0.35,7.78
M1051,2024-05-11,TeamA,TeamB,P003,87,19,7,8,5,2,1,1.99,0.1,6.12
M1051,2024-05-11,TeamA,TeamB,P012,23,7,4,7,3,1,1,5.42,0.16,5.66
M1052,2024-03-29,TeamA,TeamB,P007,71,19,5,5,3,3,0,1.88,0.41,6.05
M1052,2024-03-29,TeamA,TeamB,P026,26,7,3,5,5,2,0,6.43,0.45,5.3
M1052,2024-03-29,TeamA,TeamB,P004,87,13,9,12,4,3,2,5.24,0.68,8.4
M1052,2024-03-29,TeamA,TeamB,P029,45,9,4,8,1,6,1,6.09,0.63,4.74
M1052,2024-03-29,TeamA,TeamB,P019,56,16,7,10,3,2,0,3.2,0.51,7.56
M1052,2024-03-29,TeamA,TeamB,P003,31,19,7,10,3,2,1,6.11,0.39,5.87
M1053,2024-02-29,TeamA,TeamB,P023,68,16,4,4,0,2,1,5.8,0.98,3.82
M1053,2024-02-29,TeamA,TeamB,P013,73,14,8,12,1,9,1,5.15,0.48,7.15
M1053,2024-02-29,TeamA,TeamB,P001,78,23,18,19,2,1,1,3.72,0.44,10.0
M1053,2024-02-29,TeamA,TeamB,P015,21,14,10,10,2,3,0,7.46,0.21,9.26
M1053,2024-02-29,TeamA,TeamB,P030,26,6,4,8,2,8,0,7.01,0.23,5.7
M1053,2024-02-29,TeamA,TeamB,P018,40,11,5,7,3,4,1,2.01,0.44,4.47
M1054,2024-01-14,TeamA,TeamB,P011,40,11,2,5,3,6,1,6.03,0.29,3.75
M1054,2024-01-14,TeamA,TeamB,P023,38,7,5,7,1,4,0,6.65,0.52,3.79
M1054,2024-01-14,TeamA,TeamB,P028,88,14,6,9,3,0,0,6.1,0.2,6.72
M1054,2024-01-14,TeamA,TeamB,P015,65,20,9,11,2,5,1,5.48,0.34,4.47
M1054,2024-01-14,TeamA,TeamB,P008,45,13,7,9,2,3,2,4.07,0.41,8.0
M1054,2024-01-14,TeamA,TeamB,P019,57,11,3,5,3,2,2,2.95,0.65,1.6
M1055,2024-01-09,TeamA,TeamB,P010,24,14,7,8,4,3,2,4.82,0.66,6.19
M1055,2024-01-09,TeamA,TeamB,P008,57,11,3,7,4,2,2,1.03,0.01,4.19
M1055,2024-01-09,TeamA,TeamB,P009,88,8,4,8,0,2,0,4.99,0.86,4.23
M1055,2024-01-09,TeamA,TeamB,P026,23,19,13,13,0,4,0,7.41,0.47,8.6
M1055,2024-01-09,TeamA,TeamB,P012,63,5,1,2,5,3,1,6.16,0.45,3.41
M1055,2024-01-09,TeamA,TeamB,P030,79,19,10,11,5,1,1,2.78,1.0,3.49
M1056,2024-03-30,TeamA,TeamB,P016,68,7,4,5,3,1,0,7.74,0.29,5.09
M1056,2024-03-30,TeamA,TeamB,P024,58,12,8,10,2,3,0,7.37,0.19,8.77
M1056,2024-03-30,TeamA,TeamB,P007,56,8,4,7,4,4,0,7.36,0.96,4.31
M1056,2024-03-30,TeamA,TeamB,P020,37,19,7,7,2,4,0,6.38,0.27,5.8
M1056,2024-03-30,TeamA,TeamB,P012,79,13,5,6,0,3,1,4.34,0.83,3.78
M1056,2024-03-30,TeamA,TeamB,P018,45,12,3,3,1,0,1,1.37,0.23,6.39
M1057,2024-02-22,TeamA,TeamB,P002,18,16,8,9,1,3,0,6.36,0.5,7.69
M1057,2024-02-22,TeamA,TeamB,P010,28,20,8,8,1,5,2,3.9,0.29,5.59
M1057,2024-02-22,TeamA,TeamB,P028,76,15,8,10,6,1,2,3.05,0.17,5.32
M1057,2024-02-22,TeamA,TeamB,P001,71,23,10,10,3,2,1,2.68,0.08,6.66
M1057,2024-02-22,TeamA,TeamB,P026,28,8,4,6,3,3,0,6.85,0.1,4.77
M1057,2024-02-22,TeamA,TeamB,P007,87,13,4,6,2,7,0,7.89,0.38,6.48
M1058,2024-05-09,TeamA,TeamB,P014,15,21,13,17,2,4,1,2.99,0.44,7.91
M1058,2024-05-09,TeamA,TeamB,P007,29,23,9,10,1,2,1,5.02,0.64,8.69
M1058,2024-05-09,TeamA,TeamB,P021,78,24,11,14,0,3,2,4.17,0.04,6.89
M1058,2024-05-09,TeamA,TeamB,P003,61,10,7,10,2,1,0,2.71,0.88,3.94
M1058,2024-05-09,TeamA,TeamB,P001,53,9,6,10,3,3,2,4.37,0.07,5.31
M1058,2024-05-09,TeamA,TeamB,P008,85,22,12,13,3,4,2,4.54,0.08,7.38
M1059,2024-03-24,TeamA,TeamB,P028,72,17,11,15,1,4,0,3.87,0.78,6.55
M1059,2024-03-24,TeamA,TeamB,P023,81,19,5,6,1,5,1,6.14,0.64,5.47
M1059,2024-03-24,TeamA,TeamB,P016,24,10,6,10,1,3,0,4.56,0.15,8.21
M1059,2024-03-24,TeamA,TeamB,P012,71,21,10,10,4,5,1,7.21,0.37,10.0
M1059,2024-03-24,TeamA,TeamB,P027,17,18,10,13,2,6,1,4.87,0.05,6.61
M1059,2024-03-24,TeamA,TeamB,P017,84,5,5,9,1,4,0,4.01,0.88,4.15
M1060,2024-04-01,TeamA,TeamB,P011,17,21,12,13,1,3,2,6.53,0.03,8.67
M1060,2024-04-01,TeamA,TeamB,P003,25,24,14,15,2,3,0,2.5,0.74,9.26
M1060,2024-04-01,TeamA,TeamB,P002,26,18,9,11,3,0,0,5.58,0.53,6.9
M1060,2024-04-01,TeamA,TeamB,P004,68,21,12,12,4,0,0,7.89,0.08,10.0
M1060,2024-04-01,TeamA,TeamB,P018,33,21,15,16,1,2,1,6.99,0.51,9.46
M1060,2024-04-01,TeamA,TeamB,P007,86,15,6,6,0,3,1,7.91,0.56,4.16
M1061,2024-04-20,TeamA,TeamB,P022,17,21,8,12,2,2,0,6.0,0.2,6.51
M1061,2024-04-20,TeamA,TeamB,P008,67,24,11,11,1,3,1,6.9,0.52,9.19
M1061,2024-04-20,TeamA,TeamB,P013,43,5,3,4,0,2,2,5.56,0.12,1.49
M1061,2024-04-20,TeamA,TeamB,P019,52,15,3,6,6,7,0,1.14,0.58,6.82
M1061,2024-04-20,TeamA,TeamB,P005,66,14,6,10,2,4,3,3.78,0.34,6.6
M1061,2024-04-20,TeamA,TeamB,P004,70,11,4,8,3,3,0,5.25,0.93,4.48
M1062,2024-07-06,TeamA,TeamB,P007,38,13,8,12,0,5,1,2.34,0.06,7.62
M1062,2024-07-06,TeamA,TeamB,P004,84,21,14,17,4,3,2,5.65,0.11,9.85
M1062,2024-07-06,TeamA,TeamB,P019,47,16,9,9,1,2,1,2.18,0.58,6.78
M1062,2024-07-06,TeamA,TeamB,P015,66,5,3,3,3,3,1,6.95,1.0,3.18
M1062,2024-07-06,TeamA,TeamB,P011,79,23,14,15,3,4,1,2.48,0.31,7.76
M1062,2024-07-06,TeamA,TeamB,P005,66,20,10,12,3,7,1,7.89,0.67,6.4
M1063,2024-07-17,TeamA,TeamB,P011,55,11,5,9,2,7,1,6.25,0.96,4.32
M1063,2024-07-17,TeamA,TeamB,P015,49,19,7,8,2,3,3,5.83,0.34,6.3
M1063,2024-07-17,TeamA,TeamB,P014,47,9,5,8,2,1,0,3.29,0.44,6.31
M1063,2024-07-17,TeamA,TeamB,P029,51,10,7,11,0,2,2,3.95,0.71,2.9
M1063,2024-07-17,TeamA,TeamB,P025,65,15,11,13,0,2,1,5.66,0.08,7.03
M1063,2024-07-17,TeamA,TeamB,P012,65,22,14,17,0,3,2,5.69,0.96,7.63
M1064,2024-06-20,TeamA,TeamB,P004,59,17,10,13,1,4,1,2.54,0.43,8.93
M1064,2024-06-20,TeamA,TeamB,P021,42,10,5,5,0,2,0,1.75,0.72,5.49
M1064,2024-06-20,TeamA,TeamB,P023,44,22,5,5,2,4,0,5.42,0.95,6.36
M1064,2024-06-20,TeamA,TeamB,P012,68,7,2,6,2,2,1,2.45,0.91,3.25
M1064,2024-06-20,TeamA,TeamB,P010,78,21,10,12,1,5,0,3.12,0.7,6.27
M1064,2024-06-20,TeamA,TeamB,P009,51,6,3,3,2,0,1,3.62,0.18,5.83
M1065,2024-01-08,TeamA,TeamB,P020,45,17,12,14,4,2,2,3.91,0.41,9.38
M1065,2024-01-08,TeamA,TeamB,P001,58,5,4,4,1,7,1,1.76,0.44,3.88
M1065,2024-01-08,TeamA,TeamB,P005,46,24,9,11,3,4,0,4.57,0.59,6.65
M1065,2024-01-08,TeamA,TeamB,P019,37,20,8,8,1,5,0,5.85,0.78,3.21
M1065,2024-01-08,TeamA,TeamB,P016,80,11,2,5,1,2,0,1.23,0.42,3.02
M1065,2024-01-08,TeamA,TeamB,P022,57,11,7,11,0,4,0,4.38,0.32,7.24
M1066,2024-06-23,TeamA,TeamB,P005,37,24,15,17,0,4,0,6.62,0.27,9.08
M1066,2024-06-23,TeamA,TeamB,P027,37,7,3,3,1,4,1,1.76,0.79,4.04
M1066,2024-06-23,TeamA,TeamB,P010,17,22,12,14,3,2,1,7.09,0.14,8.86
M1066,2024-06-23,TeamA,TeamB,P001,46,16,7,9,1,3,1,7.76,0.01,6.82
M1066,2024-06-23,TeamA,TeamB,P015,73,11,5,6,1,1,0,2.98,0.56,5.3
M1066,2024-06-23,TeamA,TeamB,P013,56,21,11,11,4,7,0,4.09,0.58,10.0
M1067,2024-02-04,TeamA,TeamB,P021,33,20,9,13,2,1,0,6.87,0.03,10.0
M1067,2024-02-04,TeamA,TeamB,P009,19,9,7,9,3,3,1,3.13,0.92,5.95
M1067,2024-02-04,TeamA,TeamB,P015,77,19,8,12,2,3,2,4.44,0.72,7.39
M1067,2024-02-04,TeamA,TeamB,P028,40,12,6,6,1,1,0,1.05,0.15,7.83
M1067,2024-02-04,TeamA,TeamB,P003,24,16,5,9,1,0,0,5.87,0.12,5.48
M1067,2024-02-04,TeamA,TeamB,P018,86,17,8,10,1,2,1,7.63,0.47,4.78
M1068,2024-03-21,TeamA,TeamB,P019,20,24,10,10,1,3,0,1.04,0.33,9.24
M1068,2024-03-21,TeamA,TeamB,P004,76,19,12,16,0,4,0,7.97,0.1,10.0
M1068,2024-03-21,TeamA,TeamB,P022,31,12,4,8,0,2,1,5.6,0.37,6.68
M1068,2024-03-21,TeamA,TeamB,P008,68,18,7,11,3,1,0,7.83,0.87,6.62
M1068,2024-03-21,TeamA,TeamB,P009,20,22,16,20,0,1,2,2.33,0.77,8.97
M1068,2024-03-21,TeamA,TeamB,P011,54,6,0,1,2,0,0,2.25,0.34,4.76
M1069,2024-06-12,TeamA,TeamB,P027,56,22,9,11,2,1,0,1.09,0.88,6.74
M1069,2024-06-12,TeamA,TeamB,P021,87,14,9,11,2,2,0,4.17,0.52,6.98
M1069,2024-06-12,TeamA,TeamB,P001,52,13,7,9,1,4,0,5.03,0.42,4.89
M1069,2024-06-12,TeamA,TeamB,P002,26,21,9,12,2,5,1,2.93,0.81,6.25
M1069,2024-06-12,TeamA,TeamB,P017,83,14,7,11,1,2,2,4.17,0.13,8.24
M1069,2024-06-12,TeamA,TeamB,P006,17,9,5,6,0,1,0,7.9,0.31,6.0
M1070,2024-02-19,TeamA,TeamB,P007,70,19,11,11,2,4,0,5.28,0.96,7.08
M1070,2024-02-19,TeamA,TeamB,P020,36,5,4,8,0,5,1,2.27,0.81,4.44
M1070,2024-02-19,TeamA,TeamB,P006,54,5,0,4,1,7,0,7.78,0.92,2.34
M1070,2024-02-19,TeamA,TeamB,P005,85,14,3,7,5,2,0,4.11,0.78,5.57
M1070,2024-02-19,TeamA,TeamB,P026,45,12,10,12,3,4,2,3.79,0.51,6.35
M1070,2024-02-19,TeamA,TeamB,P023,26,16,7,9,2,1,3,7.28,0.66,6.05
M1071,2024-04-13,TeamA,TeamB,P008,42,22,10,10,1,4,2,1.06,0.93,5.28
M1071,2024-04-13,TeamA,TeamB,P017,79,7,2,3,1,3,2,7.38,0.99,1.22
M1071,2024-04-13,TeamA,TeamB,P026,72,23,14,17,3,7,1,2.68,0.89,8.82
M1071,2024-04-13,TeamA,TeamB,P001,49,15,5,7,3,2,1,1.64,0.72,4.61
M1071,2024-04-13,TeamA,TeamB,P015,26,15,5,8,2,2,2,1.25,0.5,7.07
M1071,2024-04-13,TeamA,TeamB,P029,52,19,15,17,1,2,0,2.01,0.71,10.0
M1072,2024-05-11,TeamA,TeamB,P009,81,11,6,8,2,6,1,6.02,0.83,5.61
M1072,2024-05-11,TeamA,TeamB,P024,47,16,7,7,7,3,3,4.36,0.45,6.24
M1072,2024-05-11,TeamA,TeamB,P026,57,12,5,7,2,2,0,1.87,0.1,4.91
M1072,2024-05-11,TeamA,TeamB,P012,42,14,5,5,2,3,0,1.18,0.26,6.43
M1072,2024-05-11,TeamA,TeamB,P003,23,21,11,13,3,4,1,5.61,0.57,7.03
M1072,2024-05-11,TeamA,TeamB,P022,49,7,2,2,2,1,1,2.1,0.76,1.0
M1073,2024-01-02,TeamA,TeamB,P016,38,10,2,3,2,2,1,6.46,0.67,1.87
M1073,2024-01-02,TeamA,TeamB,P025,44,21,8,11,2,4,2,5.83,0.48,4.89
M1073,2024-01-02,TeamA,TeamB,P028,60,12,2,5,0,5,1,4.16,0.69,4.88
M1073,2024-01-02,TeamA,TeamB,P003,61,22,11,13,1,7,0,1.43,0.43,9.34
M1073,2024-01-02,TeamA,TeamB,P015,18,8,2,5,0,1,1,7.6,0.37,3.89
M1073,2024-01-02,TeamA,TeamB,P019,64,23,9,13,6,1,2,5.0,0.53,6.93
M1074,2024-05-13,TeamA,TeamB,P018,60,12,4,8,2,2,1,3.26,0.64,4.77
M1074,2024-05-13,TeamA,TeamB,P009,29,13,4,4,4,2,0,4.01,0.55,6.19
M1074,2024-05-13,TeamA,TeamB,P030,21,12,7,7,3,6,1,1.68,0.95,4.25
M1074,2024-05-13,TeamA,TeamB,P003,66,9,2,2,2,4,0,1.59,0.05,6.66
M1074,2024-05-13,TeamA,TeamB,P020,27,18,4,4,2,2,0,7.11,0.51,4.19
M1074,2024-05-13,TeamA,TeamB,P019,85,22,8,10,3,3,0,7.83,0.26,8.86
M1075,2024-02-23,TeamA,TeamB,P017,80,17,11,12,2,4,4,4.09,0.73,7.04
M1075,2024-02-23,TeamA,TeamB,P030,74,23,13,14,0,3,3,4.66,0.16,8.65
M1075,2024-02-23,TeamA,TeamB,P020,53,14,5,5,3,3,1,3.81,0.64,2.73
M1075,2024-02-23,TeamA,TeamB,P019,53,17,8,10,4,4,1,4.37,0.62,6.72
M1075,2024-02-23,TeamA,TeamB,P024,74,14,9,10,1,2,2,5.44,0.82,3.65
M1075,2024-02-23,TeamA,TeamB,P013,56,19,9,13,1,3,0,4.74,0.35,8.82
M1076,2024-04-15,TeamA,TeamB,P028,83,13,7,10,0,4,3,4.1,0.6,5.66
M1076,2024-04-15,TeamA,TeamB,P018,81,23,9,10,1,1,0,4.76,0.91,5.8
M1076,2024-04-15,TeamA,TeamB,P026,54,17,9,12,2,5,0,7.5,0.45,6.55
M1076,2024-04-15,TeamA,TeamB,P010,20,24,9,13,1,3,1,2.88,0.53,8.38
M1076,2024-04-15,TeamA,TeamB,P027,74,19,10,12,3,3,0,6.36,0.79,7.66
M1076,2024-04-15,TeamA,TeamB,P022,28,22,10,14,5,8,2,5.02,0.44,7.82
M1077,2024-01-04,TeamA,TeamB,P015,66,15,10,12,1,4,2,7.33,0.34,8.06
M1077,2024-01-04,TeamA,TeamB,P024,43,9,4,8,3,3,2,3.77,0.41,4.44
M1077,2024-01-04,TeamA,TeamB,P009,89,12,9,12,3,2,2,1.49,0.8,5.05
M1077,2024-01-04,TeamA,TeamB,P011,62,11,2,6,4,1,0,7.91,0.72,4.78
M1077,2024-01-04,TeamA,TeamB,P029,85,11,5,7,2,2,1,6.35,0.54,4.99
M1077,2024-01-04,TeamA,TeamB,P013,56,7,3,3,1,1,0,5.18,0.09,3.93
M1078,2024-02-23,TeamA,TeamB,P029,48,9,7,7,3,2,1,6.0,0.07,8.41
M1078,2024-02-23,TeamA,TeamB,P026,67,18,8,10,1,4,1,4.13,0.46,8.82
M1078,2024-02-23,TeamA,TeamB,P011,23,23,14,18,2,6,0,1.79,0.29,10.0
M1078,2024-02-23,TeamA,TeamB,P012,49,19,5,9,2,2,1,3.99,0.96,4.56
M1078,2024-02-23,TeamA,TeamB,P019,35,12,5,8,2,0,0,5.11,0.06,7.57
M1078,2024-02-23,TeamA,TeamB,P021,75,15,7,8,2,3,2,7.92,0.95,3.64
M1079,2024-07-09,TeamA,TeamB,P008,79,7,2,3,2,5,2,4.07,0.84,1.0
M1079,2024-07-09,TeamA,TeamB,P030,15,15,4,7,1,2,0,2.92,0.55,4.67
M1079,2024-07-09,TeamA,TeamB,P022,55,15,9,12,1,3,1,2.84,0.38,4.45
M1079,2024-07-09,TeamA,TeamB,P006,27,16,7,11,1,2,0,2.07,0.86,5.36
M1079,2024-07-09,TeamA,TeamB,P018,59,15,8,12,3,1,1,3.71,0.33,8.14
M1079,2024-07-09,TeamA,TeamB,P005,82,17,9,10,0,2,1,4.06,0.02,7.91
M1080,2024-05-25,TeamA,TeamB,P009,87,14,9,9,1,4,1,3.79,0.58,3.86
M1080,2024-05-25,TeamA,TeamB,P015,37,17,5,8,0,3,0,2.92,0.11,6.37
M1080,2024-05-25,TeamA,TeamB,P013,81,17,9,10,1,5,1,2.21,0.0,5.46
M1080,2024-05-25,TeamA,TeamB,P022,75,18,10,11,2,1,2,6.0,0.74,5.2
M1080,2024-05-25,TeamA,TeamB,P020,83,12,3,6,1,5,1,6.38,0.43,5.85
M1080,2024-05-25,TeamA,TeamB,P021,77,14,7,11,4,3,0,5.48,0.94,2.19
M1081,2024-02-13,TeamA,TeamB,P010,51,16,5,5,2,2,0,4.62,0.01,6.59
M1081,2024-02-13,TeamA,TeamB,P019,52,5,4,6,3,7,1,6.44,0.96,1.71
M1081,2024-02-13,TeamA,TeamB,P013,85,16,6,7,3,3,2,3.87,0.9,3.77
M1081,2024-02-13,TeamA,TeamB,P014,78,20,7,10,4,1,0,7.33,0.53,6.99
M1081,2024-02-13,TeamA,TeamB,P004,26,11,4,8,0,2,3,5.85,0.01,3.31
M1081,2024-02-13,TeamA,TeamB,P030,27,12,8,8,1,2,1,4.88,0.42,5.83
M1082,2024-06-10,TeamA,TeamB,P015,65,16,6,8,1,1,0,7.36,0.1,5.46
M1082,2024-06-10,TeamA,TeamB,P003,36,16,3,4,2,3,2,3.18,0.57,6.17
M1082,2024-06-10,TeamA,TeamB,P021,37,19,11,15,1,2,0,3.99,0.13,8.87
M1082,2024-06-10,TeamA,TeamB,P029,40,23,9,12,2,6,0,6.16,0.6,8.19
M1082,2024-06-10,TeamA,TeamB,P027,80,18,4,6,5,2,2,7.67,0.61,4.12
M1082,2024-06-10,TeamA,TeamB,P001,61,18,7,7,2,5,0,2.23,0.61,4.16
M1083,2024-07-08,TeamA,TeamB,P001,22,12,1,1,2,6,0,6.39,0.87,3.07
M1083,2024-07-08,TeamA,TeamB,P024,79,7,3,5,2,7,1,4.69,0.32,4.85
M1083,2024-07-08,TeamA,TeamB,P003,32,22,7,11,4,2,0,1.9,0.52,7.93
M1083,2024-07-08,TeamA,TeamB,P030,61,5,5,8,2,4,0,2.13,0.37,8.15
M1083,2024-07-08,TeamA,TeamB,P021,87,18,12,12,1,4,1,4.79,0.68,6.64
M1083,2024-07-08,TeamA,TeamB,P007,59,23,5,5,0,1,1,6.28,0.02,8.37
M1084,2024-01-14,TeamA,TeamB,P010,58,17,8,11,4,4,0,4.04,0.13,9.66
M1084,2024-01-14,TeamA,TeamB,P030,26,23,14,14,2,2,1,2.29,0.06,9.58
M1084,2024-01-14,TeamA,TeamB,P003,64,11,6,7,2,5,0,5.41,0.3,7.54
M1084,2024-01-14,TeamA,TeamB,P029,33,23,12,15,5,8,0,5.94,0.29,10.0
M1084,2024-01-14,TeamA,TeamB,P005,17,9,7,11,3,2,2,5.06,0.77,6.23
M1084,2024-01-14,TeamA,TeamB,P027,41,11,7,10,2,2,2,7.48,0.79,4.22
M1085,2024-04-04,TeamA,TeamB,P012,76,14,7,7,4,5,0,4.0,0.1,6.27
M1085,2024-04-04,TeamA,TeamB,P029,25,10,6,7,3,3,1,5.99,0.0,7.18
M1085,2024-04-04,TeamA,TeamB,P008,65,16,6,9,3,3,1,4.87,0.25,5.55
M1085,2024-04-04,TeamA,TeamB,P027,79,19,11,14,1,3,1,7.01,0.13,7.63
M1085,2024-04-04,TeamA,TeamB,P026,55,8,5,6,0,3,1,3.22,0.62,5.87
M1085,2024-04-04,TeamA,TeamB,P005,52,8,4,6,2,4,0,7.33,0.5,5.89
M1086,2024-02-17,TeamA,TeamB,P021,87,22,15,16,3,2,0,2.37,0.97,8.0
M1086,2024-02-17,TeamA,TeamB,P001,57,22,11,14,1,2,1,5.5,0.54,6.59
M1086,2024-02-17,TeamA,TeamB,P026,52,7,4,4,1,6,3,4.03,0.14,2.78
M1086,2024-02-17,TeamA,TeamB,P007,70,12,4,4,8,2,1,4.68,0.97,5.38
M1086,2024-02-17,TeamA,TeamB,P024,53,12,4,4,0,1,2,2.46,0.46,3.5
M1086,2024-02-17,TeamA,TeamB,P022,33,20,8,10,1,2,2,1.99,0.03,7.7
M1087,2024-01-15,TeamA,TeamB,P010,87,19,10,10,4,5,1,6.24,0.76,5.02
M1087,2024-01-15,TeamA,TeamB,P019,31,13,5,9,2,2,2,2.48,0.38,7.35
M1087,2024-01-15,TeamA,TeamB,P026,33,11,4,5,0,2,0,7.59,0.52,4.61
M1087,2024-01-15,TeamA,TeamB,P006,77,19,8,9,2,2,2,2.29,0.38,6.27
M1087,2024-01-15,TeamA,TeamB,P024,22,13,5,9,1,4,1,7.02,0.7,7.27
M1087,2024-01-15,TeamA,TeamB,P001,16,8,5,5,3,6,0,3.73,0.51,6.68
M1088,2024-07-18,TeamA,TeamB,P012,68,13,9,10,3,4,4,7.54,0.43,3.07
M1088,2024-07-18,TeamA,TeamB,P030,24,21,13,17,2,1,1,6.09,0.07,10.0
M1088,2024-07-18,TeamA,TeamB,P026,85,15,9,12,3,2,0,3.71,0.23,7.43
M1088,2024-07-18,TeamA,TeamB,P017,74,14,4,8,4,2,1,5.12,0.63,5.66
M1088,2024-07-18,TeamA,TeamB,P023,48,7,5,7,1,4,0,7.65,0.33,6.64
M1088,2024-07-18,TeamA,TeamB,P011,75,12,3,3,0,4,1,4.44,0.39,3.57
M1089,2024-07-08,TeamA,TeamB,P029,67,13,9,11,2,5,1,5.68,0.81,5.84
M1089,2024-07-08,TeamA,TeamB,P002,60,6,1,3,3,5,1,5.7,0.25,2.71
M1089,2024-07-08,TeamA,TeamB,P013,74,18,9,13,1,3,1,5.17,0.64,5.89
M1089,2024-07-08,TeamA,TeamB,P011,36,9,5,7,1,3,0,6.72,0.66,5.31
M1089,2024-07-08,TeamA,TeamB,P025,39,8,2,6,2,3,1,6.4,0.04,6.62
M1089,2024-07-08,TeamA,TeamB,P003,83,24,10,11,1,4,2,6.7,0.61,5.87
M1090,2024-02-09,TeamA,TeamB,P021,28,8,3,5,2,1,0,6.73,0.08,5.02
M1090,2024-02-09,TeamA,TeamB,P011,62,16,3,4,0,4,1,4.32,0.41,5.4
M1090,2024-02-09,TeamA,TeamB,P006,75,15,6,9,3,2,0,6.02,0.59,4.86
M1090,2024-02-09,TeamA,TeamB,P004,49,14,10,13,2,4,0,1.14,0.62,8.26
M1090,2024-02-09,TeamA,TeamB,P008,23,15,7,8,1,3,1,1.57,0.87,4.45
M1090,2024-02-09,TeamA,TeamB,P027,88,14,5,6,4,2,1,3.73,0.41,6.65
M1091,2024-03-22,TeamA,TeamB,P002,21,12,7,9,4,2,3,2.68,0.88,3.45
M1091,2024-03-22,TeamA,TeamB,P015,35,24,13,17,2,4,2,2.91,0.0,6.74
M1091,2024-03-22,TeamA,TeamB,P016,40,16,4,7,6,1,1,2.17,0.02,6.73
M1091,2024-03-22,TeamA,TeamB,P022,88,8,3,4,2,2,0,1.34,0.33,3.83
M1091,2024-03-22,TeamA,TeamB,P001,80,21,12,14,3,3,0,4.09,0.51,7.31
M1091,2024-03-22,TeamA,TeamB,P007,17,6,3,3,2,2,4,7.12,0.77,1.0
M1092,2024-04-20,TeamA,TeamB,P029,65,15,7,7,4,4,1,6.5,0.12,6.73
M1092,2024-04-20,TeamA,TeamB,P002,51,21,9,9,0,4,1,5.64,0.67,5.65
M1092,2024-04-20,TeamA,TeamB,P017,62,19,16,17,2,2,5,5.2,0.98,6.53
M1092,2024-04-20,TeamA,TeamB,P027,33,13,7,8,2,4,0,5.35,0.13,7.3
M1092,2024-04-20,TeamA,TeamB,P007,84,19,12,13,2,3,1,1.84,0.91,6.34
M1092,2024-04-20,TeamA,TeamB,P022,31,20,11,13,0,4,2,4.08,0.8,7.29
M1093,2024-02-22,TeamA,TeamB,P002,53,11,7,7,2,3,3,7.53,0.26,4.38
M1093,2024-02-22,TeamA,TeamB,P008,41,17,5,8,3,1,1,7.63,0.34,5.74
M1093,2024-02-22,TeamA,TeamB,P004,66,23,13,17,1,0,1,5.65,0.21,7.48
M1093,2024-02-22,TeamA,TeamB,P028,16,12,1,4,3,3,0,6.87,0.73,2.99
M1093,2024-02-22,TeamA,TeamB,P029,66,19,8,9,1,1,2,6.36,0.07,6.06
M1093,2024-02-22,TeamA,TeamB,P010,43,8,6,7,1,7,0,4.07,0.84,5.93
M1094,2024-01-24,TeamA,TeamB,P011,40,12,9,10,1,2,2,3.19,0.38,4.82
M1094,2024-01-24,TeamA,TeamB,P025,45,6,1,5,2,4,2,6.88,0.59,1.62
M1094,2024-01-24,TeamA,TeamB,P028,19,11,6,9,2,2,2,3.04,0.27,4.74
M1094,2024-01-24,TeamA,TeamB,P012,73,24,17,17,3,2,3,3.33,0.9,9.34
M1094,2024-01-24,TeamA,TeamB,P027,78,23,14,14,4,3,2,3.97,0.31,8.85
M1094,2024-01-24,TeamA,TeamB,P013,46,13,8,12,0,3,0,7.99,0.43,6.7
M1095,2024-06-02,TeamA,TeamB,P009,35,20,7,11,1,5,0,1.76,0.95,6.41
M1095,2024-06-02,TeamA,TeamB,P027,37,15,8,10,1,6,2,3.36,0.25,2.08
M1095,2024-06-02,TeamA,TeamB,P001,29,20,7,10,0,3,1,6.21,0.34,5.03
M1095,2024-06-02,TeamA,TeamB,P012,72,19,8,8,4,7,1,2.78,0.87,5.56
M1095,2024-06-02,TeamA,TeamB,P023,20,8,2,2,1,3,0,6.47,0.15,5.55
M1095,2024-06-02,TeamA,TeamB,P021,66,18,9,10,4,0,2,7.3,0.34,7.06
M1096,2024-07-06,TeamA,TeamB,P001,46,14,9,11,2,4,2,4.21,0.28,4.15
M1096,2024-07-06,TeamA,TeamB,P012,30,22,6,8,1,4,2,7.21,0.02,4.18
M1096,2024-07-06,TeamA,TeamB,P014,88,8,5,5,2,5,0,7.01,1.0,5.6
M1096,2024-07-06,TeamA,TeamB,P007,59,10,4,6,0,0,3,3.91,0.17,4.89
M1096,2024-07-06,TeamA,TeamB,P024,73,21,12,16,1,4,1,5.57,0.28,10.0
M1096,2024-07-06,TeamA,TeamB,P025,40,24,9,11,2,2,0,2.04,0.64,7.23
M1097,2024-05-03,TeamA,TeamB,P019,75,7,0,4,1,2,1,3.15,0.48,5.08
M1097,2024-05-03,TeamA,TeamB,P021,43,17,6,8,3,2,2,4.01,0.75,4.0
M1097,2024-05-03,TeamA,TeamB,P012,85,13,5,6,2,3,0,1.37,0.01,6.26
M1097,2024-05-03,TeamA,TeamB,P006,62,23,16,20,0,2,0,7.83,0.7,9.04
M1097,2024-05-03,TeamA,TeamB,P022,71,9,4,7,2,6,3,2.94,0.67,3.84
M1097,2024-05-03,TeamA,TeamB,P020,43,23,10,12,0,3,0,4.61,0.57,8.28
M1098,2024-02-10,TeamA,TeamB,P001,85,11,4,8,1,4,2,7.81,0.29,5.29
M1098,2024-02-10,TeamA,TeamB,P023,27,12,5,5,1,4,0,5.4,0.63,6.75
M1098,2024-02-10,TeamA,TeamB,P019,34,20,8,11,6,1,0,6.03,0.11,7.2
M1098,2024-02-10,TeamA,TeamB,P003,48,19,6,6,1,2,0,1.46,0.97,3.14
M1098,2024-02-10,TeamA,TeamB,P017,27,16,11,13,3,8,2,1.69,0.98,7.26
M1098,2024-02-10,TeamA,TeamB,P011,63,18,6,7,2,2,1,1.65,0.48,4.93
M1099,2024-06-05,TeamA,TeamB,P017,45,6,1,3,1,3,0,6.26,0.09,3.45
M1099,2024-06-05,TeamA,TeamB,P023,18,23,12,12,2,1,1,3.74,0.59,5.69
M1099,2024-06-05,TeamA,TeamB,P028,84,7,4,7,0,4,3,4.79,0.89,4.13
M1099,2024-06-05,TeamA,TeamB,P030,81,12,8,9,2,4,0,2.85,0.91,6.83
M1099,2024-06-05,TeamA,TeamB,P010,16,18,9,13,2,4,0,6.3,0.54,7.42
M1099,2024-06-05,TeamA,TeamB,P015,26,7,5,6,3,5,1,7.29,0.73,5.87
M1100,2024-01-15,TeamA,TeamB,P025,53,23,15,18,1,0,2,1.36,0.21,9.24
M1100,2024-01-15,TeamA,TeamB,P021,47,14,7,9,1,2,3,2.83,0.98,3.25
M1100,2024-01-15,TeamA,TeamB,P012,22,6,4,7,8,5,1,3.34,0.52,5.97
M1100,2024-01-15,TeamA,TeamB,P017,67,6,4,5,0,1,2,6.97,0.6,1.82
M1100,2024-01-15,TeamA,TeamB,P010,24,16,11,11,1,6,1,3.27,0.52,8.1
M1100,2024-01-15,TeamA,TeamB,P028,24,22,12,15,3,2,0,3.43,0.61,8.88
M1101,2024-02-14,TeamA,TeamB,P015,36,21,11,15,1,3,1,1.09,0.9,4.48
M1101,2024-02-14,TeamA,TeamB,P006,45,11,2,4,2,0,2,2.18,0.47,4.49
M1101,2024-02-14,TeamA,TeamB,P030,79,7,3,6,0,4,0,4.31,0.97,3.68
M1101,2024-02-14,TeamA,TeamB,P002,31,6,5,8,0,3,0,5.32,0.01,6.77
M1101,2024-02-14,TeamA,TeamB,P021,77,7,3,7,0,4,2,4.06,0.74,2.27
M1101,2024-02-14,TeamA,TeamB,P018,24,22,12,13,0,5,1,4.41,0.99,6.5
M1102,2024-03-05,TeamA,TeamB,P021,62,19,8,11,2,4,0,5.79,0.22,6.03
M1102,2024-03-05,TeamA,TeamB,P027,19,19,8,12,1,3,1,5.29,0.99,4.76
M1102,2024-03-05,TeamA,TeamB,P009,68,16,7,7,1,3,0,5.63,0.47,5.62
M1102,2024-03-05,TeamA,TeamB,P025,55,16,7,7,1,5,1,2.76,0.33,6.59
M1102,2024-03-05,TeamA,TeamB,P023,23,12,4,4,1,1,1,2.99,0.91,3.49
M1102,2024-03-05,TeamA,TeamB,P026,53,6,3,4,1,6,2,5.2,0.16,6.77
M1103,2024-03-29,TeamA,TeamB,P013,32,17,10,12,3,3,1,3.23,0.37,7.87
M1103,2024-03-29,TeamA,TeamB,P006,76,10,3,6,2,0,2,3.16,0.88,2.71
M1103,2024-03-29,TeamA,TeamB,P008,52,16,11,14,1,9,0,6.3,0.45,7.67
M1103,2024-03-29,TeamA,TeamB,P022,32,13,8,8,1,4,1,4.99,0.51,5.36
M1103,2024-03-29,TeamA,TeamB,P009,40,9,4,5,0,5,1,3.14,0.67,4.38
M1103,2024-03-29,TeamA,TeamB,P030,57,10,6,8,2,5,0,6.9,0.65,5.8
M1104,2024-03-11,TeamA,TeamB,P001,46,10,2,6,2,3,1,5.44,0.58,2.89
M1104,2024-03-11,TeamA,TeamB,P006,48,10,5,7,3,3,1,4.53,0.16,7.17
M1104,2024-03-11,TeamA,TeamB,P017,89,17,7,8,0,5,0,6.36,0.95,5.72
M1104,2024-03-11,TeamA,TeamB,P002,56,22,4,7,3,1,1,7.55,0.78,4.45
M1104,2024-03-11,TeamA,TeamB,P007,41,15,4,4,6,4,0,4.35,0.6,4.88
M1104,2024-03-11,TeamA,TeamB,P003,27,24,11,12,4,5,0,5.85,0.92,6.73
M1105,2024-01-09,TeamA,TeamB,P009,45,6,2,6,3,2,0,4.08,0.89,2.58
M1105,2024-01-09,TeamA,TeamB,P011,36,18,9,12,3,1,1,6.13,0.11,6.21
M1105,2024-01-09,TeamA,TeamB,P017,22,5,4,6,2,2,1,1.85,0.11,5.69
M1105,2024-01-09,TeamA,TeamB,P026,29,16,11,14,0,0,2,2.55,0.33,7.08
M1105,2024-01-09,TeamA,TeamB,P029,89,7,3,3,1,5,1,7.26,0.25,4.89
M1105,2024-01-09,TeamA,TeamB,P027,84,8,1,1,1,4,0,2.06,0.62,2.78
M1106,2024-03-28,TeamA,TeamB,P004,61,24,4,4,1,3,0,6.54,0.96,4.27
M1106,2024-03-28,TeamA,TeamB,P016,15,17,9,11,1,3,2,4.31,0.75,5.5
M1106,2024-03-28,TeamA,TeamB,P014,59,22,8,12,0,3,1,4.86,0.14,7.94
M1106,2024-03-28,TeamA,TeamB,P023,58,18,14,17,0,2,1,5.6,0.92,7.86
M1106,2024-03-28,TeamA,TeamB,P030,32,23,11,11,2,4,1,3.88,0.88,4.1
M1106,2024-03-28,TeamA,TeamB,P008,29,11,6,7,3,3,2,7.17,0.37,5.86
M1107,2024-05-08,TeamA,TeamB,P005,76,23,9,10,2,2,1,7.2,0.27,7.54
M1107,2024-05-08,TeamA,TeamB,P022,70,14,7,10,3,4,2,3.98,0.94,5.9
M1107,2024-05-08,TeamA,TeamB,P006,37,16,7,10,0,5,0,3.57,0.62,6.01
M1107,2024-05-08,TeamA,TeamB,P003,71,19,10,13,1,3,2,3.05,0.42,6.07
M1107,2024-05-08,TeamA,TeamB,P027,70,21,14,14,2,2,1,7.8,0.88,9.44
M1107,2024-05-08,TeamA,TeamB,P019,79,8,4,5,1,2,0,7.3,0.12,6.73
M1108,2024-05-15,TeamA,TeamB,P008,62,12,8,10,1,9,1,1.28,0.2,6.57
M1108,2024-05-15,TeamA,TeamB,P021,88,5,2,2,0,5,3,5.51,0.18,2.56
M1108,2024-05-15,TeamA,TeamB,P024,52,14,10,14,3,2,1,6.58,0.29,9.42
M1108,2024-05-15,TeamA,TeamB,P005,20,15,7,11,2,7,0,4.39,0.7,4.17
M1108,2024-05-15,TeamA,TeamB,P006,62,18,12,12,1,5,1,3.46,0.43,8.69
M1108,2024-05-15,TeamA,TeamB,P029,63,14,12,14,2,1,1,4.65,0.33,9.16
M1109,2024-03-03,TeamA,TeamB,P016,82,10,6,8,0,3,0,6.09,0.94,6.36
M1109,2024-03-03,TeamA,TeamB,P022,82,16,5,6,0,3,1,6.31,0.21,6.39
M1109,2024-03-03,TeamA,TeamB,P001,78,17,6,7,3,4,1,4.29,0.09,6.62
M1109,2024-03-03,TeamA,TeamB,P011,68,21,9,11,1,2,0,7.76,0.15,6.23
M1109,2024-03-03,TeamA,TeamB,P019,81,9,4,7,4,4,0,7.49,0.03,4.25
M1109,2024-03-03,TeamA,TeamB,P012,20,6,3,7,4,2,0,1.33,0.43,4.65
M1110,2024-05-18,TeamA,TeamB,P011,52,16,13,14,0,2,2,7.71,0.02,8.71
M1110,2024-05-18,TeamA,TeamB,P019,46,13,5,7,2,3,1,4.9,0.96,4.13
M1110,2024-05-18,TeamA,TeamB,P021,62,17,7,8,1,1,0,2.54,0.97,3.8
M1110,2024-05-18,TeamA,TeamB,P020,35,14,9,9,6,2,1,1.72,0.2,9.35
M1110,2024-05-18,TeamA,TeamB,P015,71,17,9,10,2,1,1,3.28,0.96,4.76
M1110,2024-05-18,TeamA,TeamB,P016,31,5,3,7,2,1,3,3.07,0.2,3.06
M1111,2024-03-21,TeamA,TeamB,P006,72,8,5,5,5,1,1,4.12,0.31,4.17
M1111,2024-03-21,TeamA,TeamB,P003,78,6,2,2,4,4,1,5.86,0.77,3.71
M1111,2024-03-21,TeamA,TeamB,P001,52,16,11,12,1,3,4,6.85,0.69,6.1
M1111,2024-03-21,TeamA,TeamB,P008,27,16,11,11,1,3,1,3.07,0.77,7.11
M1111,2024-03-21,TeamA,TeamB,P026,59,7,5,5,3,4,1,3.94,0.83,5.79
M1111,2024-03-21,TeamA,TeamB,P019,38,21,8,11,1,2,0,4.3,0.03,6.97
M1112,2024-05-15,TeamA,TeamB,P022,18,21,16,20,3,0,1,5.67,0.93,7.49
M1112,2024-05-15,TeamA,TeamB,P029,50,23,7,7,3,2,0,7.0,0.56,7.47
M1112,2024-05-15,TeamA,TeamB,P011,33,23,12,15,0,5,0,1.31,0.27,9.91
M1112,2024-05-15,TeamA,TeamB,P010,66,9,6,8,1,3,0,5.19,0.62,5.85
M1112,2024-05-15,TeamA,TeamB,P015,42,14,4,8,2,4,0,7.53,0.53,6.95
M1112,2024-05-15,TeamA,TeamB,P030,54,7,5,8,1,2,0,7.61,0.17,6.43
M1113,2024-06-11,TeamA,TeamB,P002,29,17,9,10,2,7,0,1.99,0.85,7.61
M1113,2024-06-11,TeamA,TeamB,P005,21,12,6,9,2,4,1,5.82,0.51,5.87
M1113,2024-06-11,TeamA,TeamB,P016,84,20,9,12,4,2,1,7.8,0.36,5.86
M1113,2024-06-11,TeamA,TeamB,P024,41,15,4,7,3,3,0,1.63,0.29,5.2
M1113,2024-06-11,TeamA,TeamB,P007,58,18,8,8,3,2,1,4.27,0.49,6.09
M1113,2024-06-11,TeamA,TeamB,P014,76,19,8,10,3,2,1,6.3,0.27,8.31
M1114,2024-06-11,TeamA,TeamB,P003,45,9,7,7,1,6,1,1.57,0.66,4.53
M1114,2024-06-11,TeamA,TeamB,P010,56,10,6,9,1,2,0,5.02,0.33,6.54
M1114,2024-06-11,TeamA,TeamB,P019,15,23,9,13,2,3,0,5.96,0.39,8.77
M1114,2024-06-11,TeamA,TeamB,P017,17,16,5,9,3,1,0,2.97,0.26,6.32
M1114,2024-06-11,TeamA,TeamB,P012,47,21,15,15,1,5,0,6.22,0.98,9.68
M1114,2024-06-11,TeamA,TeamB,P007,68,19,11,15,1,2,0,2.22,0.59,8.15
M1115,2024-02-02,TeamA,TeamB,P014,63,5,1,1,2,3,2,1.95,0.82,1.5
M1115,2024-02-02,TeamA,TeamB,P017,69,13,10,12,5,2,0,7.33,0.04,7.48
M1115,2024-02-02,TeamA,TeamB,P005,29,17,7,9,1,3,0,4.55,0.67,6.6
M1115,2024-02-02,TeamA,TeamB,P023,31,10,1,2,2,2,1,3.7,0.16,5.18
M1115,2024-02-02,TeamA,TeamB,P020,73,22,9,12,2,1,2,1.34,0.11,9.26
M1115,2024-02-02,TeamA,TeamB,P001,31,20,6,7,1,2,0,6.82,0.59,5.59
M1116,2024-05-02,TeamA,TeamB,P003,85,12,4,6,1,2,2,3.54,0.51,5.49
M1116,2024-05-02,TeamA,TeamB,P017,66,16,6,8,2,5,1,6.33,0.1,5.86
M1116,2024-05-02,TeamA,TeamB,P015,62,12,8,8,2,2,0,2.87,0.07,7.37
M1116,2024-05-02,TeamA,TeamB,P022,24,12,9,11,2,1,6,3.36,0.1,5.6
M1116,2024-05-02,TeamA,TeamB,P010,37,18,6,7,1,2,1,5.6,0.02,7.96
M1116,2024-05-02,TeamA,TeamB,P020,56,20,10,14,2,0,0,5.39,0.07,8.29
M1117,2024-01-05,TeamA,TeamB,P027,21,12,8,10,2,2,1,5.43,0.59,5.64
M1117,2024-01-05,TeamA,TeamB,P029,44,12,8,10,1,3,2,3.94,0.97,3.72
M1117,2024-01-05,TeamA,TeamB,P010,60,23,10,10,2,2,1,3.03,0.64,5.94
M1117,2024-01-05,TeamA,TeamB,P012,57,8,5,7,1,2,0,4.17,0.52,4.12
M1117,2024-01-05,TeamA,TeamB,P011,37,8,4,4,1,3,1,3.59,0.15,4.41
M1117,2024-01-05,TeamA,TeamB,P014,20,8,4,6,3,3,0,1.73,0.77,3.91
M1118,2024-02-10,TeamA,TeamB,P014,87,16,5,5,1,1,0,7.13,0.35,3.15
M1118,2024-02-10,TeamA,TeamB,P016,49,11,5,7,0,3,2,4.8,0.22,7.24
M1118,2024-02-10,TeamA,TeamB,P012,31,16,8,9,1,3,1,7.17,0.89,3.81
M1118,2024-02-10,TeamA,TeamB,P027,17,23,10,10,5,5,0,3.45,0.76,7.34
M1118,2024-02-10,TeamA,TeamB,P006,56,8,3,7,1,3,1,2.23,0.51,5.33
M1118,2024-02-10,TeamA,TeamB,P004,72,16,7,10,3,3,0,2.16,0.83,5.47
M1119,2024-01-28,TeamA,TeamB,P029,27,11,5,6,1,4,1,4.02,0.43,6.25
M1119,2024-01-28,TeamA,TeamB,P028,57,12,4,7,4,3,1,7.71,0.37,5.26
M1119,2024-01-28,TeamA,TeamB,P018,85,23,17,21,1,1,0,1.8,0.24,10.0
M1119,2024-01-28,TeamA,TeamB,P006,22,19,7,9,2,2,0,1.9,0.46,6.4
M1119,2024-01-28,TeamA,TeamB,P002,46,15,7,9,6,2,5,6.32,0.52,5.24
M1119,2024-01-28,TeamA,TeamB,P005,34,9,5,9,1,4,0,6.84,0.09,7.66
M1120,2024-05-14,TeamA,TeamB,P011,26,13,8,12,4,3,1,5.95,0.04,6.86
M1120,2024-05-14,TeamA,TeamB,P009,80,11,6,6,2,3,0,6.82,0.35,6.21
M1120,2024-05-14,TeamA,TeamB,P023,81,20,6,8,3,3,0,6.18,0.77,6.05
M1120,2024-05-14,TeamA,TeamB,P019,36,18,6,7,3,2,2,1.34,0.67,4.31
M1120,2024-05-14,TeamA,TeamB,P018,51,15,8,8,1,3,1,6.36,0.45,5.41
M1120,2024-05-14,TeamA,TeamB,P022,85,22,17,19,4,3,0,3.65,0.86,7.52
M1121,2024-03-12,TeamA,TeamB,P002,48,13,7,7,3,5,3,7.89,0.57,7.19
M1121,2024-03-12,TeamA,TeamB,P018,20,14,8,9,2,5,1,2.18,0.16,4.77
M1121,2024-03-12,TeamA,TeamB,P026,41,22,7,9,3,2,4,5.6,0.21,5.25
M1121,2024-03-12,TeamA,TeamB,P014,38,12,4,4,4,6,1,3.67,0.78,3.0
M1121,2024-03-12,TeamA,TeamB,P024,76,7,3,6,2,1,1,2.34,0.67,1.61
M1121,2024-03-12,TeamA,TeamB,P029,27,11,8,11,4,6,1,5.88,0.48,7.72
M1122,2024-01-12,TeamA,TeamB,P007,59,19,12,13,0,4,0,5.73,0.79,8.77
M1122,2024-01-12,TeamA,TeamB,P024,77,19,12,15,1,2,1,7.4,0.51,7.53
M1122,2024-01-12,TeamA,TeamB,P018,76,24,10,12,6,3,1,3.6,0.61,8.54
M1122,2024-01-12,TeamA,TeamB,P030,39,14,5,6,1,3,0,7.22,0.87,3.04
M1122,2024-01-12,TeamA,TeamB,P029,63,13,5,6,6,4,0,6.79,0.76,3.11
M1122,2024-01-12,TeamA,TeamB,P019,31,24,16,18,2,2,1,6.85,0.74,9.11
M1123,2024-06-10,TeamA,TeamB,P024,37,15,9,9,1,5,1,6.8,0.67,6.56
M1123,2024-06-10,TeamA,TeamB,P015,48,12,8,9,0,2,0,2.95,0.39,2.14
M1123,2024-06-10,TeamA,TeamB,P007,40,13,8,9,2,8,1,7.24,0.32,7.5
M1123,2024-06-10,TeamA,TeamB,P025,62,15,7,11,1,5,1,5.83,0.73,3.84
M1123,2024-06-10,TeamA,TeamB,P023,63,11,6,6,2,2,2,6.73,0.2,4.38
M1123,2024-06-10,TeamA,TeamB,P030,40,19,10,13,4,2,1,1.05,0.42,10.0
M1124,2024-02-02,TeamA,TeamB,P017,31,24,14,18,0,2,0,2.6,0.25,10.0
M1124,2024-02-02,TeamA,TeamB,P024,72,18,11,13,5,1,0,1.96,1.0,8.29
M1124,2024-02-02,TeamA,TeamB,P019,83,9,4,7,0,4,0,6.68,0.67,4.76
M1124,2024-02-02,TeamA,TeamB,P003,29,23,8,12,4,7,0,3.33,0.46,5.52
M1124,2024-02-02,TeamA,TeamB,P013,68,15,6,6,6,3,0,5.78,0.25,8.84
M1124,2024-02-02,TeamA,TeamB,P009,27,8,2,4,3,3,0,5.97,0.83,3.45
M1125,2024-02-17,TeamA,TeamB,P013,22,21,13,15,3,2,1,6.36,0.45,9.48
M1125,2024-02-17,TeamA,TeamB,P030,65,18,12,15,1,2,0,1.64,0.24,10.0
M1125,2024-02-17,TeamA,TeamB,P022,32,17,10,10,3,0,2,3.4,0.08,9.6
M1125,2024-02-17,TeamA,TeamB,P007,22,24,8,9,1,4,1,1.96,0.94,3.87
M1125,2024-02-17,TeamA,TeamB,P019,26,9,8,10,2,3,1,4.12,0.07,3.88
M1125,2024-02-17,TeamA,TeamB,P003,43,9,8,12,1,3,1,7.01,0.34,5.07
M1126,2024-05-30,TeamA,TeamB,P021,40,9,4,4,3,4,1,1.88,0.48,3.88
M1126,2024-05-30,TeamA,TeamB,P006,64,10,9,12,4,2,0,2.23,0.77,8.41
M1126,2024-05-30,TeamA,TeamB,P003,72,13,3,7,2,2,3,3.46,0.61,3.17
M1126,2024-05-30,TeamA,TeamB,P017,43,8,5,9,1,2,1,6.64,0.21,5.46
M1126,2024-05-30,TeamA,TeamB,P004,24,8,5,8,3,0,0,3.44,0.83,5.54
M1126,2024-05-30,TeamA,TeamB,P005,22,7,3,7,5,3,0,3.29,0.58,5.16
M1127,2024-03-02,TeamA,TeamB,P017,38,10,7,10,5,8,1,6.5,0.9,6.28
M1127,2024-03-02,TeamA,TeamB,P029,61,20,8,8,2,3,1,4.76,0.28,5.21
M1127,2024-03-02,TeamA,TeamB,P007,18,21,16,18,3,4,2,7.56,0.59,9.61
M1127,2024-03-02,TeamA,TeamB,P008,23,7,2,6,0,3,2,4.95,0.23,6.23
M1127,2024-03-02,TeamA,TeamB,P030,80,19,7,11,1,4,1,5.72,0.57,6.91
M1127,2024-03-02,TeamA,TeamB,P016,83,18,13,15,3,6,0,6.9,0.94,6.93
M1128,2024-02-06,TeamA,TeamB,P023,47,11,8,10,1,1,0,1.72,0.35,6.76
M1128,2024-02-06,TeamA,TeamB,P028,56,22,12,12,3,1,1,5.31,0.98,6.11
M1128,2024-02-06,TeamA,TeamB,P024,23,13,5,7,0,1,1,4.6,0.6,2.02
M1128,2024-02-06,TeamA,TeamB,P020,73,7,3,4,2,2,0,7.44,0.7,3.31
M1128,2024-02-06,TeamA,TeamB,P019,54,5,4,4,6,2,1,6.15,0.55,3.19
M1128,2024-02-06,TeamA,TeamB,P002,71,6,1,4,0,3,1,3.73,0.81,2.97
M1129,2024-04-08,TeamA,TeamB,P002,52,12,7,11,1,4,2,4.6,0.09,7.43
M1129,2024-04-08,TeamA,TeamB,P005,51,15,9,12,4,5,1,2.18,0.39,7.77
M1129,2024-04-08,TeamA,TeamB,P024,33,19,6,9,2,2,1,7.5,0.59,5.11
M1129,2024-04-08,TeamA,TeamB,P004,75,10,6,10,3,1,1,7.38,0.4,5.7
M1129,2024-04-08,TeamA,TeamB,P027,68,8,4,7,0,0,2,5.62,0.11,4.04
M1129,2024-04-08,TeamA,TeamB,P023,15,6,4,6,3,4,2,3.47,0.87,2.99
M1130,2024-06-20,TeamA,TeamB,P029,51,18,12,15,0,5,0,7.57,0.81,7.05
M1130,2024-06-20,TeamA,TeamB,P014,39,7,3,5,2,3,0,4.43,0.38,5.5
M1130,2024-06-20,TeamA,TeamB,P009,62,24,14,15,3,5,0,7.05,0.0,10.0
M1130,2024-06-20,TeamA,TeamB,P002,25,10,7,11,1,2,1,1.58,0.29,4.85
M1130,2024-06-20,TeamA,TeamB,P001,41,20,11,11,2,3,1,4.23,0.94,6.89
M1130,2024-06-20,TeamA,TeamB,P025,22,24,10,11,2,3,1,3.75,0.22,9.41
M1131,2024-04-13,TeamA,TeamB,P006,22,7,6,9,2,0,0,3.05,0.55,6.24
M1131,2024-04-13,TeamA,TeamB,P011,19,9,2,3,0,6,1,5.78,0.25,2.86
M1131,2024-04-13,TeamA,TeamB,P007,41,19,12,14,1,5,0,3.56,0.88,5.34
M1131,2024-04-13,TeamA,TeamB,P017,36,10,5,8,2,6,1,2.94,0.21,5.95
M1131,2024-04-13,TeamA,TeamB,P001,39,6,2,6,4,3,3,4.38,0.75,5.51
M1131,2024-04-13,TeamA,TeamB,P019,17,15,11,12,2,2,0,3.1,1.0,5.65
M1132,2024-02-04,TeamA,TeamB,P013,33,21,8,11,2,3,2,2.94,0.4,7.11
M1132,2024-02-04,TeamA,TeamB,P003,87,14,5,6,1,1,0,2.71,0.96,4.39
M1132,2024-02-04,TeamA,TeamB,P001,50,10,2,6,2,3,0,7.88,0.04,5.4
M1132,2024-02-04,TeamA,TeamB,P028,81,21,6,6,3,2,0,2.47,0.14,4.47
M1132,2024-02-04,TeamA,TeamB,P023,52,17,7,10,1,3,1,4.89,0.79,3.22
M1132,2024-02-04,TeamA,TeamB,P022,35,16,8,11,2,2,2,3.26,0.07,7.65
M1133,2024-07-11,TeamA,TeamB,P030,63,7,2,6,2,1,1,3.35,0.39,4.45
M1133,2024-07-11,TeamA,TeamB,P004,28,17,8,9,1,5,2,7.06,0.42,6.07
M1133,2024-07-11,TeamA,TeamB,P020,62,21,8,9,2,1,1,5.48,0.92,5.38
M1133,2024-07-11,TeamA,TeamB,P019,50,22,13,14,5,0,0,1.89,0.12,8.59
M1133,2024-07-11,TeamA,TeamB,P018,56,22,9,11,3,1,2,4.87,0.64,7.07
M1133,2024-07-11,TeamA,TeamB,P008,50,13,3,7,7,6,2,1.31,0.54,4.38
M1134,2024-04-10,TeamA,TeamB,P026,66,8,4,4,5,2,2,4.16,0.19,3.99
M1134,2024-04-10,TeamA,TeamB,P011,78,13,5,6,3,3,0,2.38,0.54,5.33
M1134,2024-04-10,TeamA,TeamB,P002,58,19,9,11,3,1,3,5.03,0.45,4.7
M1134,2024-04-10,TeamA,TeamB,P022,66,16,7,10,3,2,3,5.97,0.06,6.62
M1134,2024-04-10,TeamA,TeamB,P006,79,18,9,10,3,5,1,3.28,0.65,7.01
M1134,2024-04-10,TeamA,TeamB,P030,19,10,7,11,2,2,0,6.04,0.28,6.15
M1135,2024-06-23,TeamA,TeamB,P011,21,9,1,3,3,4,2,4.97,0.93,3.14
M1135,2024-06-23,TeamA,TeamB,P013,19,15,9,12,6,4,0,7.32,0.1,7.73
M1135,2024-06-23,TeamA,TeamB,P029,47,15,7,9,2,2,0,5.78,0.44,6.89
M1135,2024-06-23,TeamA,TeamB,P007,78,23,8,12,1,1,2,3.01,0.98,5.07
M1135,2024-06-23,TeamA,TeamB,P017,37,10,1,5,2,6,1,6.12,0.75,2.08
M1135,2024-06-23,TeamA,TeamB,P012,85,22,15,16,0,2,3,5.08,0.35,10.0
M1136,2024-05-10,TeamA,TeamB,P009,25,13,4,5,0,2,2,3.48,0.64,2.25
M1136,2024-05-10,TeamA,TeamB,P019,67,10,4,7,2,2,0,3.12,0.87,4.44
M1136,2024-05-10,TeamA,TeamB,P028,32,21,14,18,2,7,1,7.25,0.25,9.98
M1136,2024-05-10,TeamA,TeamB,P010,15,16,9,10,2,5,0,2.1,0.69,5.84
M1136,2024-05-10,TeamA,TeamB,P026,42,17,6,9,3,0,1,7.92,0.67,4.13
M1136,2024-05-10,TeamA,TeamB,P025,81,23,11,15,1,7,1,1.11,0.84,8.0
M1137,2024-01-01,TeamA,TeamB,P003,74,7,5,6,3,2,1,2.5,0.12,5.8
M1137,2024-01-01,TeamA,TeamB,P013,32,19,12,12,0,4,1,5.76,0.11,9.9
M1137,2024-01-01,TeamA,TeamB,P009,72,8,5,6,3,2,1,4.82,0.65,4.97
M1137,2024-01-01,TeamA,TeamB,P023,19,22,6,6,0,3,1,4.58,0.19,5.87
M1137,2024-01-01,TeamA,TeamB,P029,25,14,5,6,3,3,0,7.87,0.73,7.22
M1137,2024-01-01,TeamA,TeamB,P001,77,11,5,5,0,7,1,3.68,0.99,3.68
M1138,2024-01-05,TeamA,TeamB,P005,59,13,6,6,4,4,0,5.24,0.49,5.78
M1138,2024-01-05,TeamA,TeamB,P002,50,5,3,5,3,4,0,1.21,0.02,4.97
M1138,2024-01-05,TeamA,TeamB,P020,54,6,4,4,0,1,1,7.08,0.64,3.08
M1138,2024-01-05,TeamA,TeamB,P004,73,6,3,6,4,3,1,5.38,0.08,5.01
M1138,2024-01-05,TeamA,TeamB,P009,32,8,2,4,4,1,0,2.37,0.15,3.96
M1138,2024-01-05,TeamA,TeamB,P015,39,8,4,4,1,6,3,2.63,0.3,2.96
M1139,2024-05-21,TeamA,TeamB,P017,89,22,16,16,3,3,1,6.08,0.48,10.0
M1139,2024-05-21,TeamA,TeamB,P014,83,21,11,12,1,7,2,3.2,0.39,8.96
M1139,2024-05-21,TeamA,TeamB,P030,37,21,8,11,2,4,1,5.2,0.28,6.52
M1139,2024-05-21,TeamA,TeamB,P015,32,13,6,6,7,5,0,1.44,0.52,6.12
M1139,2024-05-21,TeamA,TeamB,P026,63,20,12,13,1,1,0,4.85,0.59,8.02
M1139,2024-05-21,TeamA,TeamB,P003,18,13,5,9,1,1,1,3.64,0.08,5.52
M1140,2024-04-12,TeamA,TeamB,P004,70,11,8,11,0,3,1,2.78,0.5,6.89
M1140,2024-04-12,TeamA,TeamB,P027,63,7,2,3,1,2,3,3.53,0.94,2.52
M1140,2024-04-12,TeamA,TeamB,P015,42,17,5,9,3,2,3,1.28,0.49,2.15
M1140,2024-04-12,TeamA,TeamB,P021,30,15,8,9,4,2,0,2.15,0.28,6.71
M1140,2024-04-12,TeamA,TeamB,P019,87,18,7,8,2,2,0,7.09,0.94,4.81
M1140,2024-04-12,TeamA,TeamB,P005,85,8,2,2,3,4,0,5.9,0.22,4.12
M1141,2024-01-27,TeamA,TeamB,P008,59,11,9,13,0,4,1,5.14,0.35,7.47
M1141,2024-01-27,TeamA,TeamB,P001,48,13,7,9,0,7,2,3.33,0.11,8.94
M1141,2024-01-27,TeamA,TeamB,P026,67,8,6,7,4,5,0,6.32,0.21,5.76
M1141,2024-01-27,TeamA,TeamB,P025,15,18,11,11,2,3,2,5.13,0.44,7.9
M1141,2024-01-27,TeamA,TeamB,P027,58,20,17,20,4,4,0,3.62,0.74,10.0
M1141,2024-01-27,TeamA,TeamB,P007,87,14,8,11,3,4,3,3.34,0.04,7.95
M1142,2024-05-16,TeamA,TeamB,P001,49,7,3,6,3,4,1,7.92,0.95,5.45
M1142,2024-05-16,TeamA,TeamB,P023,75,9,3,6,4,2,2,6.51,0.33,5.16
M1142,2024-05-16,TeamA,TeamB,P012,68,19,13,13,6,4,0,2.32,0.0,9.84
M1142,2024-05-16,TeamA,TeamB,P006,75,23,11,12,1,1,1,2.38,0.27,9.9
M1142,2024-05-16,TeamA,TeamB,P030,35,21,9,10,0,2,2,2.14,0.55,6.39
M1142,2024-05-16,TeamA,TeamB,P005,15,9,5,6,0,2,1,1.01,0.87,3.9
M1143,2024-01-15,TeamA,TeamB,P004,37,8,2,2,1,3,1,7.2,0.23,3.07
M1143,2024-01-15,TeamA,TeamB,P025,78,11,4,8,0,7,0,3.05,0.55,4.88
M1143,2024-01-15,TeamA,TeamB,P013,30,20,8,8,1,3,0,3.66,0.36,8.35
M1143,2024-01-15,TeamA,TeamB,P016,68,18,11,12,2,2,0,6.71,0.13,8.26
M1143,2024-01-15,TeamA,TeamB,P029,64,17,12,15,2,6,1,4.8,0.58,8.63
M1143,2024-01-15,TeamA,TeamB,P024,24,15,7,7,2,4,1,2.84,0.2,5.59
M1144,2024-03-30,TeamA,TeamB,P015,62,15,8,12,2,1,0,1.21,0.73,5.39
M1144,2024-03-30,TeamA,TeamB,P013,73,8,5,6,1,1,0,2.87,0.05,4.67
M1144,2024-03-30,TeamA,TeamB,P002,56,6,4,7,2,2,1,4.4,0.14,4.4
M1144,2024-03-30,TeamA,TeamB,P023,34,10,2,3,0,5,1,3.44,0.16,4.2
M1144,2024-03-30,TeamA,TeamB,P011,55,16,10,14,2,2,0,4.53,0.14,8.14
M1144,2024-03-30,TeamA,TeamB,P016,33,11,7,8,0,1,1,4.07,0.93,4.64
M1145,2024-02-11,TeamA,TeamB,P027,60,18,10,14,1,3,1,6.45,0.33,4.82
M1145,2024-02-11,TeamA,TeamB,P003,71,7,2,6,3,5,1,3.71,0.09,4.53
M1145,2024-02-11,TeamA,TeamB,P025,22,8,3,3,3,2,2,5.86,0.17,3.66
M1145,2024-02-11,TeamA,TeamB,P006,19,24,9,13,1,2,0,3.34,0.7,6.46
M1145,2024-02-11,TeamA,TeamB,P005,74,14,7,9,3,4,2,4.63,0.78,5.15
M1145,2024-02-11,TeamA,TeamB,P011,27,10,4,8,1,4,0,6.39,0.04,6.28
M1146,2024-05-03,TeamA,TeamB,P011,88,16,5,6,0,3,1,2.86,0.65,1.93
M1146,2024-05-03,TeamA,TeamB,P013,27,21,14,14,2,4,1,6.5,0.25,10.0
M1146,2024-05-03,TeamA,TeamB,P018,71,5,2,6,3,0,2,2.55,0.61,2.53
M1146,2024-05-03,TeamA,TeamB,P028,84,14,10,12,3,5,1,2.22,0.49,8.31
M1146,2024-05-03,TeamA,TeamB,P006,33,10,7,11,1,0,1,1.43,0.81,6.2
M1146,2024-05-03,TeamA,TeamB,P001,32,5,3,6,0,6,1,4.6,0.57,2.85
M1147,2024-06-27,TeamA,TeamB,P009,54,17,6,10,6,2,2,2.07,0.58,3.96
M1147,2024-06-27,TeamA,TeamB,P012,64,19,14,16,2,2,2,2.31,0.84,8.12
M1147,2024-06-27,TeamA,TeamB,P022,77,11,4,4,3,3,1,3.34,0.3,4.67
M1147,2024-06-27,TeamA,TeamB,P015,52,18,9,12,2,4,1,5.39,0.01,8.05
M1147,2024-06-27,TeamA,TeamB,P018,27,23,11,14,3,2,1,2.62,0.56,6.9
M1147,2024-06-27,TeamA,TeamB,P008,49,22,10,12,2,2,1,2.94,0.9,7.08
M1148,2024-03-03,TeamA,TeamB,P024,76,16,8,12,1,0,1,6.71,0.27,9.34
M1148,2024-03-03,TeamA,TeamB,P005,32,7,5,8,1,2,0,4.3,0.43,5.75
M1148,2024-03-03,TeamA,TeamB,P028,52,20,7,11,2,2,0,5.27,0.63,6.46
M1148,2024-03-03,TeamA,TeamB,P009,85,14,10,10,3,1,1,1.57,0.3,8.64
M1148,2024-03-03,TeamA,TeamB,P030,49,14,3,3,1,0,0,2.35,0.46,5.1
M1148,2024-03-03,TeamA,TeamB,P014,68,21,6,9,2,5,1,7.1,0.52,6.51
M1149,2024-04-05,TeamA,TeamB,P020,70,19,12,12,1,2,1,6.74,0.38,7.45
M1149,2024-04-05,TeamA,TeamB,P030,15,20,11,15,0,2,5,7.76,0.6,5.68
M1149,2024-04-05,TeamA,TeamB,P012,80,8,5,5,2,1,0,2.53,0.05,2.48
M1149,2024-04-05,TeamA,TeamB,P016,37,13,6,10,1,2,1,5.77,0.75,3.84
M1149,2024-04-05,TeamA,TeamB,P014,64,22,10,10,1,1,0,1.63,0.39,5.46
M1149,2024-04-05,TeamA,TeamB,P003,89,14,7,7,1,3,2,7.77,0.36,7.08
